PatientID,Pregnancies,PlasmaGlucose,DiastolicBloodPressure,TricepsThickness,SerumInsulin,BMI,DiabetesPedigree,Age,d_prediction,_probability
1505211,1,92,93,7,52,51.23336234,0.172959817,43,0,0.32407508518099964
1903930,5,99,87,21,65,43.06717509,0.50609797,44,1,0.9788527960376456
1434197,7,148,94,50,70,18.26113201,0.104543067,23,0,0.24630095273062075
1375180,4,150,84,46,252,18.98500425,0.827328118,39,1,0.7432520150755443
1625358,4,118,60,15,214,29.37881475,0.198455992,21,1,0.972993487299463
1195580,2,91,70,41,180,33.63959876,0.716563382,22,1,0.8170775577494365
1748282,0,92,86,22,196,38.01771721,0.099806775,50,0,0.06831303809912782
1865659,0,102,54,46,17,18.61599725,0.556390809,21,0,0.010391380278136774
1095043,1,87,58,9,194,21.5523323,0.683543926,35,0,0.008805624278580117
1636780,0,136,90,45,139,21.18851742,0.137262204,21,0,0.009836143892408401
1235818,1,83,44,21,137,20.08850339,0.740291932,23,0,0.008357106837977545
1970354,0,82,83,32,48,19.77995696,0.154011299,22,0,0.005675167961325953
1440403,1,75,51,11,59,20.61616731,0.166851786,25,0,0.005106575664797292
1541895,1,143,66,7,173,21.48477764,0.092013291,46,0,0.11099008028756958
1503348,7,108,84,44,88,36.27169996,0.157917739,41,1,0.9478960798947167
1888703,7,135,65,44,145,33.48542131,0.251634248,24,0,0.21026343567537056
1919969,5,173,93,27,382,38.17908624,0.591790731,60,1,0.9765228605326769
1344316,2,104,64,45,32,47.17183454,1.387371808,22,1,0.8566132395695972
1877408,0,137,93,27,34,21.09273095,0.764524739,21,0,0.02130043706179487
1197200,4,116,68,13,91,40.47108554,0.867535267,43,1,0.9906194363747193
1223570,8,172,90,48,20,35.95375255,0.732215804,46,1,0.8614709014129386
1437232,0,91,47,43,49,20.17591252,0.105553334,23,0,0.0057304905716763135
1584932,9,171,55,7,87,37.77082789,0.841309339,24,0,0.09971368726977374
1007235,0,56,93,19,611,45.18508142,0.477949191,21,0,0.068255091545604
1337462,9,115,101,22,209,28.46889777,0.119949715,22,1,0.8949530201040695
1348243,8,105,93,13,524,27.2056187,0.635517778,22,1,0.9841864268697132
1760946,8,97,76,46,207,38.2061699,0.591494695,57,1,0.9655792055876805
1770205,0,68,96,48,71,36.70726646,0.17604171,21,0,0.021937437809464888
1771044,3,89,77,11,240,40.71064558,0.57569143,22,1,0.5169745846935596
1581000,7,111,48,32,198,20.51938581,0.174515435,25,0,0.020178179234307755
1391420,3,131,84,46,158,21.3551306,0.131568615,24,0,0.052119441234946925
1364345,2,95,42,14,41,35.41766705,0.218734189,22,0,0.322732953929983
1816577,5,131,79,25,41,32.35821962,0.677551573,46,1,0.8884737203625394
1208147,6,155,49,7,134,40.24214079,0.098821389,26,0,0.017006875527780206
1990716,1,70,60,11,227,36.73953498,0.138831968,21,0,0.04099536894315517
1916360,6,146,89,21,254,36.5182532,0.098618394,59,1,0.8261830516879569
1237552,6,90,54,13,408,18.36906402,0.244061334,43,0,0.18460540094097064
1487811,0,58,64,45,79,19.59897719,0.82431991,23,0,0.02816704485963485
1545852,1,104,79,33,33,36.08376006,0.172582843,21,0,0.05211459271899033
1173422,1,81,80,31,150,38.37914626,0.091548571,25,0,0.005130836747869425
1179425,3,90,61,43,438,37.14697068,0.095933175,37,1,0.9026402153952703
1411676,7,45,66,44,31,35.08021066,0.178295603,23,0,0.17976187740494398
1567630,1,123,30,17,42,44.57708704,0.153803369,23,0,0.012318635140081705
1828936,5,71,88,20,67,54.28161061,0.602415905,22,1,0.8844362844834259
1260808,0,119,92,17,27,40.69230664,0.828097255,49,0,0.03894545241670553
1798712,7,108,95,10,232,19.23541921,0.124638349,26,0,0.035125075188855825
1735297,1,74,39,11,179,19.3886433,0.218317124,46,0,0.030259740086538773
1806908,7,97,66,45,178,39.07516402,0.112160875,26,0,0.3386806340432377
1931940,1,128,60,16,30,48.52250453,0.722281,21,0,0.05450680411329844
1262007,0,94,50,38,85,21.95953061,0.196311554,21,0,0.008564568379788034
1886634,1,118,79,54,382,40.58391953,0.738576576,23,0,0.24145796100096428
1369893,7,84,79,7,41,18.45433141,0.885254018,31,0,0.010819087512888192
1168548,8,96,83,15,21,34.23565482,0.674537551,32,1,0.5174037010492759
1997044,9,115,79,51,68,38.13520512,0.218684339,67,1,0.5726161662915867
1043492,0,115,61,50,239,41.2557269,0.556741427,54,0,0.309297281342599
1273841,8,116,86,43,72,33.23514733,0.320096219,21,1,0.9283321695103447
1766382,7,72,57,25,89,31.34896584,1.458827601,21,1,0.7343435418646467
1760610,0,75,91,49,304,21.90033636,0.158308774,50,0,0.06316587230918083
1031733,2,101,79,39,173,36.33824191,0.200478055,40,1,0.9431780707379395
1571889,4,113,64,26,200,25.15058069,0.167751382,21,1,0.9809303195840055
1088543,4,116,85,12,47,42.13546888,0.160871286,32,0,0.36495858111615337
1054961,8,118,78,14,177,21.27682713,0.140032965,21,0,0.27731796127822195
1632882,1,78,62,28,204,19.28692092,0.689748445,25,0,0.019312160878150082
1378379,7,152,79,46,40,48.52568873,0.162146531,24,0,0.02559205783992204
1571366,1,125,85,34,145,39.1468039,0.119325566,26,0,0.007911919489872679
1836243,0,151,80,17,34,18.33251789,1.064945725,22,0,0.015559612912197358
1092670,7,77,66,29,144,48.81583051,0.187884482,23,0,0.20289438113129837
1737118,1,86,65,29,48,25.3003101,0.109301718,34,0,0.09654819391735728
1847171,4,83,97,24,81,36.96288448,0.106267979,26,0,0.22694753597893133
1088808,0,139,48,34,55,36.32161961,0.132461887,23,0,0.010783854900102901
1339698,4,152,89,71,14,38.10503296,0.194613058,43,1,0.891492326370845
1164862,1,142,80,52,316,20.72547309,0.756826333,21,0,0.15455772539023888
1956994,1,151,91,20,77,20.03321966,0.145660742,21,0,0.04099739018326411
1536239,1,89,49,7,160,40.64195237,0.721121416,21,0,0.01597820276725911
1888131,7,147,61,9,134,45.07786704,0.177320683,59,1,0.6374482930215898
1350127,1,110,50,9,151,19.28859157,0.10084856,23,0,0.022084338128312005
1034568,1,134,50,24,171,18.24076834,0.43190257,23,0,0.016408929452462227
1265142,0,116,81,34,67,18.8496534,0.161913996,23,0,0.010149400264482104
1381538,2,104,81,27,210,36.22399774,0.194576847,21,1,0.9003708527578316
1194119,8,119,93,49,314,30.25475095,0.170498047,44,1,0.9869588573895423
1337712,1,117,103,20,14,21.13550332,0.239297078,24,0,0.0056047681600841824
1045557,4,173,76,12,270,44.26883531,0.668546479,46,1,0.9886941942635344
1543015,8,102,67,21,77,21.32794682,0.184662729,46,1,0.8916282311615648
1581317,1,106,50,7,133,40.55599175,0.253110431,22,0,0.038316463056105525
1513017,6,89,99,44,141,38.11704023,0.091522949,21,0,0.18609745846678954
1079144,1,127,85,37,44,36.13480018,0.180848479,26,0,0.007356395002785596
1954769,7,90,96,8,48,43.54769309,0.287885553,24,0,0.00342155032863352
1138330,7,124,82,50,51,41.89685451,0.49045422,21,0,0.4143751265868508
1792462,1,93,46,35,175,39.79684447,0.466620789,45,0,0.11696771292391567
1994295,0,88,82,33,40,21.56412441,0.148076832,22,0,0.005453120086830087
1472947,0,95,93,31,46,19.59047104,0.156078672,25,0,0.002446529369791474
1344553,1,94,93,7,37,18.27882198,0.794355492,23,0,0.006837143260429248
1799990,6,127,80,33,356,21.19561577,0.23950581,43,0,0.35127199357448885
1797075,0,93,51,8,178,21.29415974,0.132306817,22,0,0.004669897393618658
1579584,6,98,81,13,70,31.65630264,0.171208446,44,1,0.9881292850445451
1321191,7,97,86,15,513,24.63194422,0.529180938,21,1,0.978992917600303
1392207,0,140,92,33,265,18.51939309,0.8688636,31,0,0.022326339097630092
1175220,0,86,85,34,215,38.70759155,0.849998853,24,0,0.006636374709879384
1181891,7,120,80,43,16,42.74551977,0.191520808,24,0,0.022896560357361567
1075132,8,106,56,54,41,38.84422215,0.176906691,21,0,0.445401086182258
1755775,0,154,32,10,133,20.12294107,0.188606834,26,0,0.001952506290411397
1552429,1,95,81,21,190,20.26176608,0.162202371,26,0,0.005854531689658058
1322129,1,121,66,35,398,21.24268131,0.68917246,24,0,0.01623694397163903
1114817,6,131,70,9,33,18.72309855,0.094309265,23,0,0.01898230824690979
1562849,0,149,39,37,212,30.08321243,1.291586261,22,0,0.11582163099918501
1339499,9,131,76,13,181,31.69264745,0.288992103,22,1,0.8592475752397959
1618504,0,167,62,9,47,43.58356141,0.1027118,23,0,0.013924967138249329
1804985,4,131,101,12,367,51.30513138,0.955775263,62,1,0.9870547184560411
1810879,2,142,67,45,85,38.21666312,0.163342346,38,1,0.9473839383593984
1472276,1,145,85,41,50,18.49144403,0.55592072,22,0,0.019172084589626593
1009556,0,116,60,7,19,41.35861471,0.11270723,21,0,0.01551917775429414
1233743,1,127,63,31,40,20.31168797,0.556442953,33,0,0.01743935796430082
1097020,0,123,49,20,37,42.30648242,1.037515919,23,0,0.018368972002673373
1665006,0,118,92,10,26,21.2409084,0.19710152,23,0,0.007520808694952355
1468888,1,75,60,10,133,20.55835528,0.182957021,21,0,0.010515392536623099
1502565,0,79,96,45,701,38.71340171,0.098400357,33,0,0.05187142168632098
1815087,3,101,61,23,201,32.58522755,0.156816015,34,1,0.9510803057211493
1424391,7,81,24,33,62,49.68254444,0.127258204,23,0,0.07182846504249299
1025172,4,95,56,20,19,37.15576982,0.172016018,23,0,0.06168023014721982
1921855,0,130,94,9,36,34.47896034,0.115231291,26,0,0.005635406852453077
1004819,2,97,94,41,529,26.31867791,1.164086019,45,1,0.9948575955001433
1858187,2,98,76,14,436,27.44429151,0.766888365,52,1,0.9969620991159168
1862348,9,120,52,34,177,37.97116198,0.819946209,24,0,0.049195625815599595
1479105,1,139,94,7,15,34.52443582,0.122164794,26,0,0.00848988099978808
1015338,10,104,59,57,259,29.26800792,0.820120491,21,1,0.9735081492694697
1998920,3,144,90,35,162,19.14783028,0.290215074,23,0,0.0769416015691883
1206238,4,109,80,42,158,34.18518415,1.44457256,23,1,0.9165649273837828
1487413,1,156,81,16,79,39.90400012,0.111076516,22,0,0.05564099756804724
1502744,1,135,55,32,50,37.35367568,0.187452434,21,0,0.016891884779130725
1218862,0,75,50,36,33,20.99254366,0.194242237,35,0,0.007595097926959241
1894556,6,96,69,34,55,45.89236432,0.796961363,58,1,0.9217464182627908
1996412,1,82,65,35,48,18.99062736,0.229945123,26,0,0.0029523642468439757
1170397,1,94,52,51,18,31.48349105,0.275250179,22,0,0.05990891527179934
1823335,8,79,42,41,140,20.62440278,0.802206226,24,0,0.00888162229086013
1977900,0,55,81,43,26,18.7282958,0.103912181,24,0,0.0050135256340138315
1348011,0,127,61,19,144,19.36189898,0.20138761,21,0,0.011493715956216928
1107050,2,114,66,75,15,50.57575799,0.196317203,22,1,0.9129773978518658
1941550,0,97,88,31,77,39.73777243,0.11183384,30,0,0.027259512997643315
1881084,4,102,64,42,461,45.97723722,0.829472993,34,1,0.9458083110389407
1007282,0,130,66,26,14,20.52229527,0.490526365,34,0,0.022597521322257633
1772954,0,69,39,43,16,32.65733413,0.273090677,24,0,0.003860549337856398
1826037,2,103,69,21,81,38.1518735,0.743314764,56,1,0.9893326648546593
1340206,7,105,60,35,259,30.52849187,0.167398779,22,1,0.8975459609061863
1140806,3,123,61,29,46,28.09106249,1.893403519,25,0,0.3941842608058935
1490526,10,107,80,22,92,51.46620887,0.148665107,21,1,0.9677999714859997
1693380,0,87,52,9,229,20.17949012,1.062350373,22,0,0.008283611518802919
1494613,7,103,87,16,78,45.36287654,0.178016531,40,1,0.923617193107542
1638751,1,121,91,33,34,19.0580058,0.169529691,22,0,0.012099844313944421
1341392,8,111,96,45,68,21.39031324,0.155456758,26,0,0.10528837863757853
1267342,0,68,50,9,26,22.01406242,2.168469616,60,0,0.03242262835988739
1515638,6,119,43,31,141,31.78381199,0.814030783,22,1,0.5852640360388919
1879183,7,104,78,40,210,34.3968338,0.814416588,53,1,0.9671179484128754
1076016,0,95,48,22,44,19.06796395,0.09614344,23,0,0.007282264637750497
1340379,2,135,90,41,25,32.83159484,0.226076598,35,0,0.2476367798797686
1438974,8,117,92,33,225,21.95126688,0.086270603,23,0,0.08507303193675657
1725620,0,90,51,32,131,20.57137292,0.178668788,21,0,0.003355623578167964
1639659,1,69,64,29,153,18.29018305,0.52975121,23,0,0.029125416733470997
1117458,8,152,83,42,46,18.90954486,0.602581687,34,0,0.04438239148350897
1887471,4,143,66,23,160,36.37965094,0.117122794,38,1,0.9253350960282328
1097728,5,180,66,41,351,33.16358784,0.106072322,46,1,0.9927198215704379
1721341,0,70,64,9,16,20.98522325,0.137393105,33,0,0.007312720813561007
1421227,10,71,75,32,238,43.10646635,0.144125249,23,0,0.14146024301671428
1406941,7,111,108,32,32,21.11310751,0.1040947,22,0,0.06674668806809667
1267647,1,89,88,9,44,21.95785544,0.42910402,21,0,0.007947956170197848
1249707,6,61,98,22,254,19.7648797,0.081130774,43,1,0.662250209237793
1991464,5,133,82,47,349,31.33473977,0.74959225,61,1,0.9885984797369305
1510548,0,167,43,9,20,19.23740889,0.132661425,21,0,0.00673613515647008
1918833,0,70,53,9,170,21.841177,0.296450614,21,0,0.003656501275042388
1914691,2,105,73,14,318,19.67003704,1.494800517,21,1,0.9498007752492753
1783087,6,91,59,31,41,40.57220673,0.517615007,24,0,0.009457537787404048
1326855,0,116,91,32,171,39.00768464,0.108862092,23,0,0.013856006474298696
1966646,11,73,79,23,18,21.64731942,0.450645528,24,0,0.013618091787053447
1141552,1,71,66,45,178,19.50038375,0.121109118,33,0,0.027509770071748728
1193723,2,141,65,22,83,52.80009725,0.089851981,21,1,0.9562589544200418
1394735,1,91,48,22,16,18.58879377,0.084374087,44,0,0.04648844211731164
1396169,4,90,86,43,203,36.57276878,0.193537763,23,0,0.27485002006611065
1578295,0,150,56,8,173,38.44738256,0.249234409,26,0,0.003785185956496096
1849647,1,98,77,14,139,25.10781109,0.20393272,43,1,0.8912001544724714
1665102,7,146,77,8,182,18.74345514,0.259409026,23,0,0.03269087669672137
1354022,3,84,67,33,195,33.34858305,0.101877435,35,1,0.5858299660733576
1361384,7,176,50,8,261,19.97243008,0.160410292,24,0,0.019794453589913812
1060684,6,106,93,13,297,39.97671098,1.022428372,41,1,0.9833426602362443
1383524,1,160,66,8,672,43.5902792,0.135268768,34,0,0.09410920427597973
1924402,10,70,89,33,19,38.32324102,0.230044072,35,0,0.01948567797253475
1606068,0,155,41,7,51,47.30712569,0.179477059,21,0,0.015249280536386278
1048785,0,71,82,44,48,42.18964823,0.743438116,26,0,0.005988954335781251
1391739,9,48,110,9,190,35.90235879,0.772775941,21,0,0.386587956815695
1818432,1,162,86,7,25,29.47604173,0.676983052,22,0,0.05923165131421157
1994299,1,76,80,8,188,37.25956611,0.452455107,26,0,0.006172867927666552
1404628,6,114,87,44,322,21.81002,0.634300707,22,0,0.4114839063376351
1174752,0,168,85,39,667,19.49098304,0.19130245,21,0,0.04347932349778777
1783225,2,107,89,69,408,43.84729061,0.130162233,39,1,0.9891018499604666
1324248,7,161,49,39,47,20.55825476,0.774187852,24,0,0.006190678798155778
1417839,7,106,69,45,231,27.94867129,0.111069526,43,1,0.9843407139861838
1840324,1,158,62,32,30,39.38537868,0.114178709,25,0,0.008166721136796264
1271569,0,154,89,24,39,18.45093603,0.15236395,23,0,0.01494720333209241
1336210,0,137,88,46,23,19.50471887,0.285226238,23,0,0.008691476966102857
1382628,1,91,104,46,22,18.58820935,0.544305369,22,0,0.012405307012238981
1143359,6,158,85,43,44,19.99613546,0.193046323,24,0,0.008219047329916839
1501807,1,152,91,15,177,25.55781606,0.330487406,53,1,0.8728651206211154
1136557,9,138,76,50,536,45.92327886,0.188391178,40,1,0.9664830714174354
1417253,1,122,85,35,28,28.0255014,0.741972398,21,0,0.0756813429177874
1121649,2,142,85,33,164,34.23262971,0.135310491,37,1,0.8964352120319672
1102402,1,140,85,34,34,20.4715188,0.109871459,24,0,0.003411142759784968
1575041,1,116,89,34,35,21.57925921,0.093577859,21,0,0.016938982930548657
1628634,0,71,83,24,158,38.86358755,1.938770164,24,0,0.011660661161971302
1847204,8,179,84,25,179,27.35962033,0.174080457,52,1,0.974128402699369
1075856,0,132,54,25,130,37.29070678,0.115159482,23,0,0.0171769931022474
1880828,6,99,61,10,146,46.77773388,0.134129681,26,0,0.20648939292264235
1450494,6,117,48,36,65,25.89469272,0.10873928,29,1,0.8258320522301027
1525081,1,121,67,41,50,18.75113536,0.185451431,22,0,0.02745069750393816
1314363,0,69,49,21,16,39.29037211,0.445397752,62,0,0.04561101579140877
1808403,0,116,54,44,146,41.31175048,0.21171499,26,0,0.00552214480594208
1793071,0,136,75,36,132,18.9880146,0.079463625,22,0,0.011937948484721825
1089516,7,119,53,23,182,19.70085782,0.18839898,25,0,0.01572351203200117
1846783,0,95,70,29,20,19.39530648,0.768578255,25,0,0.006992166134063364
1497706,1,80,50,17,38,39.4922723,0.107825263,21,0,0.009498647522589514
1585326,1,80,88,28,372,22.08997971,0.147593825,26,0,0.0267938629562975
1211442,3,108,60,9,217,37.78321494,0.154486512,42,1,0.9030149437877762
1402122,0,121,81,8,49,21.31510841,0.244319205,23,0,0.0053782085559385415
1428924,7,87,58,35,473,21.35758322,0.172354885,22,0,0.026157864858489692
1285255,6,60,50,11,217,28.55921778,0.126228112,38,1,0.8959860330154233
1307044,1,69,67,19,17,36.35407906,0.140023024,24,0,0.005175255350881952
1114895,0,96,49,25,25,21.71789486,0.097787547,22,0,0.011689876555300823
1273297,0,87,50,46,28,21.0349774,0.290218327,22,0,0.004822436465429667
1682717,6,113,89,40,169,26.128315,0.250213562,23,1,0.6418645925234768
1559291,0,120,84,56,45,44.84972087,0.218139247,21,0,0.015905186760997538
1006244,5,173,87,41,162,30.67059338,0.189542864,47,1,0.969627891374341
1488463,5,118,69,11,94,40.20854638,1.727248469,22,1,0.9274118776932168
1059949,7,92,94,35,257,40.87188321,0.113176991,22,0,0.15671585255263965
1170568,3,47,92,40,44,33.84922567,0.584140748,55,1,0.8560336211962118
1592683,1,162,54,15,197,37.76059114,0.137917469,21,0,0.07406136094653783
1529108,0,77,87,46,47,38.58143131,0.097784758,35,0,0.014547897107753883
1059542,0,87,53,32,22,43.31017492,0.604832954,38,0,0.025930986733515574
1905949,8,99,84,50,95,31.11103091,1.679221841,43,1,0.997023593620636
1371264,6,112,45,32,59,39.29724881,0.633201302,30,0,0.4429457516352819
1013448,0,52,46,8,132,21.89044512,1.051662569,33,0,0.00943944013561657
1936869,0,99,60,48,78,46.82665793,0.098366308,43,0,0.1219243141719846
1883561,4,119,81,36,448,38.89998086,0.810416136,23,1,0.757498749210198
1717753,1,77,49,27,20,20.34104847,0.222163603,24,0,0.002889553074289771
1505223,0,76,80,11,28,20.8435424,0.122575908,25,0,0.002842108697153689
1081473,11,101,66,56,796,27.25149164,0.181607745,21,1,0.9888396621380098
1825159,0,69,55,26,29,19.04720996,0.24025236,24,0,0.0028463044994498617
1552452,0,93,50,38,170,18.5513231,0.129149746,21,0,0.006667288881444569
1588913,3,171,54,40,92,24.24441016,0.135586392,38,1,0.9759553128218545
1731659,1,169,51,44,231,38.66406567,0.488136895,25,0,0.015671073287603084
1259081,12,66,88,13,269,19.44819689,0.712755443,21,1,0.565924010633975
1896195,8,170,52,44,44,41.92773269,0.155172055,23,0,0.06414175985395092
1236693,0,128,96,52,241,49.91527559,0.093836283,24,0,0.015729248979088065
1038288,5,115,73,12,63,25.91994597,0.680835787,22,1,0.990529847865197
1114411,4,120,63,42,31,38.40145399,0.201193294,55,1,0.7541382702244085
1671875,1,97,53,43,306,36.46759618,0.172654967,24,0,0.045660894357097595
1436950,3,177,87,40,300,48.57586194,0.200597029,45,1,0.979100725291933
1563691,7,176,101,47,213,34.95310282,0.17884109,57,1,0.9840076486795285
1390739,1,76,62,23,178,21.99726879,0.232474593,30,0,0.024384763412450043
1014656,1,153,100,31,329,40.57670022,0.596618984,21,0,0.10735976445324148
1197127,9,84,45,17,140,19.37243904,0.193191736,32,0,0.012900213825160618
1762982,1,104,64,52,144,30.69163655,0.861817912,56,1,0.9174777140060533
1314014,0,126,81,32,525,18.43901071,0.099240693,21,0,0.027851995720295956
1544844,8,97,65,10,381,36.59183883,0.197720888,56,1,0.9317001651542794
1435614,0,158,89,42,32,32.53717337,0.099126641,23,0,0.02124174265093864
1400893,3,68,63,39,75,33.70948806,0.160079875,61,1,0.9551837214028589
1116261,7,60,64,34,65,35.37434741,1.693744411,21,1,0.9316272799936068
1022880,3,104,84,33,18,20.45445926,0.267601964,26,0,0.02855672266500986
1680160,0,137,45,42,46,47.7825448,0.562561853,24,0,0.007361164623896816
1178243,2,99,94,14,515,28.36411693,0.149885297,21,1,0.9899208955844014
1600844,4,109,62,12,280,23.42291228,0.158624246,45,1,0.9961489673783058
1727292,7,141,64,31,27,21.38220171,0.251172774,43,0,0.15250599101396234
1104902,6,148,74,12,17,20.57311387,0.095280177,32,0,0.07022264559445421
1043366,6,101,90,54,45,18.97270417,1.347033844,23,0,0.3236555104449213
1362725,2,83,70,29,82,28.74566633,1.275419949,22,1,0.9557793726702977
1354948,8,57,93,8,19,19.49878963,0.247108716,22,0,0.014266471653003578
1628340,1,113,61,35,42,20.53294694,0.27099429,24,0,0.008387902135465782
1637124,5,116,99,15,158,40.53247626,0.251574482,21,1,0.7864128122695472
1643170,6,102,85,35,52,25.68172098,0.190249668,22,1,0.8547695646860795
1718716,0,96,49,56,35,27.72053671,0.213354652,21,0,0.02281793450697437
1221336,1,67,56,9,250,31.94213892,0.142362741,22,0,0.04203553774891755
1560967,0,121,70,31,161,21.91702804,0.090372452,30,0,0.012621904139736592
1504891,2,105,50,36,238,30.83682373,0.129332363,21,1,0.9334420769300107
1019689,8,132,63,42,260,34.83972219,0.195061466,22,1,0.8214791674902725
1335931,5,143,57,54,211,26.37141481,0.519918271,31,1,0.8345014615068398
1378266,7,84,65,43,48,19.75940151,0.16744765,21,0,0.02807956475399762
1300102,0,145,57,35,23,36.41074966,0.15837722,21,0,0.012050810435307209
1960300,1,82,60,33,58,36.75525174,0.11591988,31,0,0.044736166140672357
1815718,5,104,92,42,55,51.66190031,0.537680729,46,1,0.9888948194605275
1595334,11,100,75,16,540,25.76663121,1.472163534,34,1,0.9549671607491027
1980841,6,56,87,42,24,21.73183627,0.985909403,21,0,0.07672020245812738
1241861,1,86,60,39,201,30.74026249,0.091670387,46,1,0.623294733769415
1928931,9,123,63,50,174,29.44360932,0.183388471,21,1,0.9212259616630567
1788932,9,87,80,11,35,45.05322172,0.430450337,24,0,0.01191455758005548
1102153,2,183,73,45,16,28.14915877,0.161522087,23,1,0.7232592794448611
1512508,0,89,68,55,217,42.38745924,0.088808976,44,0,0.07109702678738941
1912631,1,90,85,9,138,38.68745622,0.119338451,50,0,0.07324340340960389
1746864,1,69,48,46,65,41.67808429,0.845384034,26,0,0.013822715629892027
1783727,1,80,55,35,26,37.88579659,0.116954371,25,0,0.0027495388364821584
1428513,9,119,50,8,28,35.23990608,0.114676307,21,0,0.11846964002405261
1038905,3,85,68,21,332,27.64070174,0.851443739,60,1,0.9809792166829875
1572888,6,88,31,44,23,39.06102546,0.191404763,25,0,0.006594882556137672
1319343,0,114,105,35,22,21.40197208,0.80723873,21,0,0.013061104841457236
1431832,0,79,60,55,241,36.40051608,0.700237351,26,0,0.009281632297331513
1032726,2,107,59,47,66,47.13812735,0.124494742,22,1,0.9768656197472938
1721780,0,90,62,34,136,38.98212982,0.255382816,50,0,0.02072065984961648
1717058,0,104,49,33,355,43.52609828,0.278111799,25,0,0.008575743495625501
1381697,0,74,62,18,16,35.97241089,1.810591111,21,0,0.015310397684616943
1181581,0,67,95,10,23,38.31066141,0.18282628,23,0,0.0065407704938560554
1096646,3,152,77,41,244,39.57536,0.61654127,59,1,0.9431423620811987
1923118,0,80,57,26,17,19.51978365,0.207334889,22,0,0.006823062956531767
1805819,3,98,89,41,375,22.56136549,0.121590652,21,1,0.9836118491725117
1618409,3,132,92,30,196,34.36717806,0.599068173,22,1,0.8960235503437655
1704803,0,75,49,11,62,19.54263048,0.159628673,34,0,0.009804724772700198
1959869,8,99,59,21,494,22.82276872,0.262775461,45,1,0.9809096332947614
1101039,0,124,86,32,50,28.65153823,0.112436651,24,0,0.008554429391267255
1687785,0,98,96,56,233,30.65708661,0.121057899,21,0,0.07304863478605184
1985640,4,44,66,30,304,27.47568622,0.722340713,45,1,0.9909964606946239
1578947,2,121,80,40,355,30.86190309,0.632431376,44,1,0.9813660192571987
1075102,0,71,63,10,31,21.21167083,0.249184316,22,0,0.004420475683741669
1899075,0,48,78,32,133,21.84584445,0.141518071,22,0,0.008071089820239607
1206409,0,68,88,21,124,21.29417877,0.157017885,24,0,0.003414267456395113
1700759,1,79,50,31,20,29.07395177,0.081179647,56,0,0.16904353221192808
1371286,0,124,49,8,17,20.19963183,0.981735844,23,0,0.007789617592488455
1134328,2,106,45,45,51,51.52941444,0.135577462,45,1,0.9667366159216628
1743561,8,116,83,34,49,36.55361436,0.148681212,30,0,0.0928706429779652
1172919,0,88,56,17,171,18.56195732,0.192792072,25,0,0.0020112300561316828
1756535,9,119,73,26,203,28.49479539,0.473326988,21,1,0.941396842373085
1373290,0,93,90,42,181,21.61072288,0.117226658,23,0,0.00806968042811155
1931085,1,167,56,7,125,37.46062309,0.157020166,24,0,0.004571176247429245
1531332,0,72,58,46,16,43.45503425,0.195792049,23,0,0.008863223271016869
1375638,9,87,82,10,233,33.09160399,0.755558932,24,0,0.06186286893627208
1833919,1,141,56,26,206,21.44702998,0.158029238,25,0,0.007736258281890467
1876140,0,97,51,45,28,30.64138062,0.162815337,70,0,0.020831038711303585
1553876,6,98,44,7,147,19.17505616,0.29446389,25,0,0.013191660984288613
1569227,0,117,68,10,236,43.53520714,0.820529674,21,0,0.033160845316470955
1055569,10,100,61,24,89,28.61708621,0.168895773,57,1,0.9943832739623816
1776024,6,131,93,14,81,37.72334716,0.266888692,24,0,0.18396000075722205
1208730,13,110,45,25,191,38.29156005,0.092449975,42,1,0.9209235434525355
1115681,5,77,65,8,701,35.99785728,0.85395349,21,1,0.5440481737744202
1125743,0,114,54,44,50,21.1476436,0.639168002,21,0,0.009812377226387786
1509645,3,150,79,39,58,27.09161497,0.132580672,21,1,0.9120926836264668
1323171,9,113,85,32,75,43.07204776,0.166294735,21,1,0.7115633204797115
1719127,0,50,75,36,160,37.65630352,0.176120511,35,0,0.040658501224800435
1600584,0,81,60,22,18,49.1260711,0.523998527,25,0,0.008267141948815383
1747375,0,140,78,38,222,43.9033696,0.166498677,21,0,0.0361863253768403
1497187,4,113,44,7,80,26.31203759,0.879284069,41,1,0.9506228563875458
1338432,6,68,40,8,230,20.25575594,0.238880919,25,0,0.0017494640085475818
1032630,10,167,78,41,129,38.79749196,0.165287909,24,0,0.0803997522879926
1698254,1,72,62,45,193,31.00200062,0.138008516,34,0,0.14111375935366013
1617869,0,85,48,57,181,51.37330812,0.250784442,26,0,0.00965880955474242
1332852,0,76,80,44,145,28.67898104,0.127053795,26,0,0.014577103908094118
1109666,0,102,80,29,21,43.57177109,0.172153165,22,0,0.03699492332163029
1284709,1,87,60,34,172,20.57504026,0.183540498,21,0,0.014089224698857462
1806787,6,127,83,20,44,30.56384675,0.196052366,23,0,0.17468499399632395
1879686,1,57,80,43,34,18.4798795,0.54515791,23,0,0.014302717741585279
1189265,9,155,95,10,29,21.6950369,0.465476479,21,0,0.03222254605433758
1669037,0,93,78,24,203,21.94294277,0.278133001,23,0,0.009190780455308535
1034394,10,78,61,27,167,45.22425079,0.11791111,44,1,0.7942494241782049
1158088,0,72,81,41,124,44.78502585,0.148017802,23,0,0.011022696497966378
1745446,8,92,54,23,60,49.79563297,0.136900057,44,1,0.7058552304141561
1385490,0,99,46,12,25,35.06834005,0.255143788,21,0,0.0357026618258433
1224602,0,132,87,31,46,18.87277758,0.166024661,21,0,0.008620087212521318
1373539,8,141,60,24,176,19.07600495,0.504728439,23,0,0.15460267613425618
1978528,0,126,44,24,132,21.75267247,0.175798154,23,0,0.008890825630993693
1401190,10,97,49,10,50,37.167157,0.639909631,21,0,0.18946117782429314
1290210,1,124,66,46,178,18.67984586,0.103559644,23,0,0.02998610531158162
1890085,1,48,84,33,17,20.39884849,0.779372953,24,0,0.006917663202915718
1110173,0,67,39,35,224,38.8074215,0.132152349,26,0,0.0038733980289095676
1180228,1,102,93,56,238,21.66643134,0.088160592,62,1,0.561822509121859
1149228,2,88,90,7,169,39.7328649,0.140265023,35,0,0.14880599530472463
1296607,3,80,41,32,210,39.18368447,0.20617262,25,0,0.045048243382783265
1238298,0,68,54,32,217,45.27923323,0.26187041,26,0,0.0037279053549097367
1087068,0,69,60,21,38,36.91808461,0.081493931,26,0,0.005808800908333443
1191013,0,135,62,32,24,43.67315126,0.449040094,21,0,0.0223592259201997
1882613,6,129,67,22,373,22.16852583,0.942405931,41,1,0.9807785890913124
1115188,1,166,93,9,180,20.57908239,0.791757222,25,0,0.006012429275974121
1738700,9,87,68,26,318,33.41737387,0.602310293,22,1,0.827971750426643
1667169,7,172,86,21,75,18.30953732,0.088592576,22,0,0.35572889271941976
1355803,0,117,61,44,48,37.19016129,0.265802313,23,0,0.012726851631502402
1890537,1,141,63,10,55,19.02980158,0.276735095,23,0,0.014310077124746289
1715798,0,151,52,46,16,44.9447175,0.089591321,21,0,0.02123054910064761
1665364,0,69,49,9,260,45.10563894,0.197420558,22,0,0.015026479528694632
1443595,0,75,63,9,15,39.63771659,0.211810456,21,0,0.0077602696736767274
1153142,2,96,44,12,311,29.39387835,0.088035046,43,1,0.9874850735479833
1270335,0,122,45,24,157,20.80461211,0.280501065,32,0,0.011571663789655136
1568741,1,136,87,8,38,42.70587725,0.12217883,21,0,0.02120338069049334
1517112,2,70,66,52,157,34.21896329,0.781303803,61,1,0.9623981459822839
1201143,0,85,84,32,216,20.35917444,0.492880407,25,0,0.0033821780534634242
1679532,0,72,54,41,221,21.13299524,0.21810574,25,0,0.002701059135860535
1661511,7,57,81,22,68,18.90070434,0.085663574,21,0,0.14275133171503124
1904226,8,100,85,42,76,46.19328734,0.471663951,21,1,0.8771774461570301
1634893,0,124,78,33,27,36.57453126,0.24896075,66,0,0.010851011824697446
1638651,6,101,90,14,337,27.26032286,0.707190783,22,1,0.9828942705081423
1915225,1,84,48,42,83,19.86106134,0.278759914,24,0,0.0051845280480048135
1563232,4,108,66,14,54,44.85768418,1.480630393,46,1,0.9928368800785411
1617663,1,89,82,7,378,18.99226219,0.133553621,24,0,0.006145404738171183
1054634,6,113,58,31,20,20.66128974,0.898976576,34,0,0.05427564462373415
1859047,0,124,53,30,261,42.30853957,0.103748864,25,0,0.011614114326758766
1045094,0,115,79,10,51,21.30289442,0.162964897,24,0,0.002834571721252942
1791629,0,89,82,9,50,44.3532447,0.100574525,23,0,0.00805189821959094
1844521,5,105,61,22,236,18.71444248,0.090939489,41,1,0.8986261243596979
1095855,7,95,54,33,318,37.7538488,0.887636161,51,0,0.4031436558807759
1683688,0,148,58,11,179,39.19207553,0.160829008,45,0,0.05786091279880829
1106462,6,81,62,56,24,33.48472441,0.100809186,25,0,0.06784716579685005
1037846,1,117,53,41,42,18.66643392,0.159149374,22,0,0.01921948306658026
1117538,1,58,81,20,192,20.48114278,0.152682709,26,0,0.007512716161672775
1369775,0,176,44,8,47,18.52635634,0.125068757,32,0,0.09784560040250154
1947956,1,72,95,53,38,36.54068033,0.217757923,21,0,0.027736804620449786
1190842,1,123,83,46,28,35.72858639,0.169950987,26,0,0.01231691338520536
1033808,4,92,73,24,84,50.48005029,0.840084623,46,1,0.9777722242726185
1191536,6,125,79,8,26,48.54060955,0.121301009,26,0,0.01259195001184453
1456114,11,177,43,26,26,28.68935473,1.146669171,21,1,0.7333915248376649
1676497,1,94,41,18,24,20.72889615,0.623822159,23,0,0.0043003586132821185
1693370,6,79,50,29,67,31.12583296,0.162777827,22,1,0.5773144670207527
1016248,1,132,96,57,151,33.80840628,0.096532385,22,0,0.1655249120627477
1862551,0,94,56,32,14,42.11930595,0.129708349,23,0,0.005604703914738612
1393217,6,135,50,18,48,20.71336354,0.127481421,22,0,0.017643791128024503
1005557,1,82,96,43,162,21.75421852,0.136093794,21,0,0.014620721621095933
1554070,3,155,67,11,21,38.55122269,0.129602153,21,0,0.31423742809132577
1554264,1,47,45,11,228,21.22886337,0.092842339,22,0,0.021533372445981074
1251775,1,79,45,36,48,20.23308036,0.164467901,21,0,0.007776050233360122
1352938,9,135,57,35,79,35.89843889,0.264507691,25,0,0.046027138108873974
1821730,7,111,49,49,79,29.30242092,0.20310861,23,1,0.909284007781637
1497525,0,78,66,7,18,36.36114177,0.926911225,21,0,0.01144865557718422
1700698,1,150,62,15,34,22.06113498,0.497741975,25,0,0.01593606514829577
1871625,0,100,49,7,398,19.46085215,0.231884593,33,0,0.012318157697815524
1125944,1,77,57,34,48,19.6420715,0.1128793,25,0,0.0018776180102487705
1745912,6,55,81,27,22,37.60195319,0.11137743,22,0,0.14525643152293355
1672404,0,82,55,9,182,37.12506089,0.183961139,23,0,0.007359670139311779
1154932,0,110,49,7,342,47.22295387,0.631184353,25,0,0.021084840824271152
1642842,7,122,74,42,483,34.18154999,0.545285987,22,1,0.9048111458623097
1253206,1,118,101,33,256,20.43606002,0.243992821,23,0,0.015883614691366326
1791210,7,95,49,46,385,42.69207579,0.137477639,33,0,0.12094914010233057
1461195,7,152,57,9,182,20.06920248,0.110789799,23,0,0.013741150980029657
1349768,2,97,90,21,43,45.19109618,0.084838615,41,1,0.8814282470838526
1296366,0,129,60,11,31,21.57775444,0.152925057,23,0,0.008967000607219637
1198875,3,110,46,52,194,50.90154898,1.529691795,42,1,0.9859957908127607
1793255,0,147,76,9,48,21.67688153,0.146099341,22,0,0.009114978007676201
1050577,0,94,53,44,51,38.06688535,0.160077601,22,0,0.01132975862809276
1872419,5,136,80,14,46,49.59140208,0.869683459,21,1,0.7058065175023233
1589596,0,58,113,43,144,21.71425607,1.181675069,23,0,0.02129839386266663
1969471,1,119,74,38,30,49.31350962,0.458409461,23,0,0.043608767078743726
1279226,2,97,64,34,404,18.63139185,0.131829245,21,1,0.7223316793570025
1910707,3,92,55,36,149,36.18674092,0.177661679,21,0,0.286430914158365
1584067,3,154,64,32,184,49.17413435,0.17425535,21,1,0.7291493704910782
1446870,0,83,39,31,173,36.72614647,0.128600706,67,0,0.009848158928032882
1485485,0,153,54,19,29,47.3953788,0.28846868,23,0,0.008086877558534048
1339045,9,102,76,42,391,33.94418786,0.106127992,24,1,0.7389552483980925
1791241,2,112,61,57,26,25.15004065,0.302752393,47,1,0.9771394557050259
1196512,0,109,54,32,14,36.92113515,0.649024204,22,0,0.015230849021900894
1887165,0,87,57,11,66,37.96037402,0.586578483,21,0,0.01720153389795126
1959401,0,147,78,10,35,33.69522093,0.6953727,22,0,0.02128209462962571
1241434,2,175,58,25,94,30.07877863,0.186121697,23,1,0.9441260677564051
1292358,6,100,58,44,172,21.64798462,1.294993199,24,0,0.0861124215103777
1569535,0,148,57,38,26,43.11605253,0.791666567,23,0,0.01507541145491143
1956007,1,86,72,16,19,21.4557295,0.08771691,21,0,0.011795758526437161
1557147,11,88,82,31,28,20.80613425,0.259463207,25,0,0.0018460240047816461
1402801,8,99,83,25,36,21.92847251,0.121878073,43,1,0.5536482500127585
1864422,9,88,85,34,180,49.281972,0.226091715,21,0,0.13282322278351777
1598238,1,158,80,11,46,19.37980991,0.157268044,26,0,0.004437857169385254
1007258,2,101,69,16,86,35.83634471,0.979908416,21,1,0.96092422504983
1674786,2,114,95,31,39,47.27653767,0.769616856,23,0,0.26834856850472366
1725519,0,77,76,42,64,20.29312368,0.642274813,26,0,0.00734047286071946
1824695,7,74,56,34,53,20.85332462,0.101026719,26,0,0.0023268470102306036
1898356,6,116,65,48,57,29.70329994,0.636226086,41,1,0.993130591580539
1092665,2,104,72,12,91,30.99544982,0.525062705,22,1,0.9955257783635901
1808820,0,85,80,31,37,39.37224198,0.132822409,31,0,0.009393910320002042
1122956,8,179,62,45,356,20.64377043,0.233348606,22,1,0.5679686968935592
1930528,2,111,46,37,166,28.40724979,0.754940076,21,1,0.9269718278081563
1298563,1,132,90,29,228,21.63232694,0.171417787,41,0,0.1988066356021166
1412838,0,85,68,11,83,20.89453553,0.166648105,24,0,0.004656472488212006
1999836,10,109,81,38,87,30.59037588,0.143143159,58,1,0.9874338606794013
1149892,0,126,52,43,35,21.17351412,0.268624362,23,0,0.006366769595555278
1364822,5,96,48,40,78,29.74173133,0.106166521,29,1,0.949940171582804
1592283,4,98,67,32,58,28.55544333,0.581362319,43,1,0.9933359266920455
1063798,1,92,62,20,171,20.32910643,0.125798402,31,0,0.025629031150754964
1005261,5,117,59,12,88,34.66164238,0.559808536,44,1,0.9913609984564139
1042397,0,96,47,10,47,19.30544587,0.104827338,24,0,0.0024540511730159263
1021906,4,150,74,41,68,32.45402262,0.150530777,21,1,0.938091376316803
1090380,0,76,58,7,81,21.07899302,0.157867984,22,0,0.005928332090498495
1854504,3,114,63,48,29,35.85033221,0.146532145,23,1,0.5860071026689688
1989767,10,117,82,33,149,43.50637581,0.095955178,26,0,0.10709336258016303
1240352,1,95,51,32,63,47.07098402,0.150089221,21,0,0.029480359392806063
1141510,1,82,38,20,197,37.8680912,0.529750866,23,0,0.01720637932394048
1883350,9,103,78,25,304,29.58219193,1.282869847,43,1,0.9940190456830933
1791637,6,94,60,8,142,34.78031843,0.153284432,24,0,0.051615900960315896
1541426,3,137,45,21,325,28.7786909,1.066361478,56,1,0.9731734505292359
1278810,6,169,67,11,48,37.02261845,0.277222039,22,0,0.14058206358230277
1900235,2,121,89,12,553,39.52977451,0.201481193,22,1,0.9051896343597224
1197300,0,123,59,32,254,34.04190284,0.220727153,21,0,0.026221988030625306
1223821,5,105,90,27,386,30.84932171,1.160342339,37,1,0.9959470539274815
1978973,9,75,66,12,273,28.10491007,0.248273983,23,1,0.5717481716799799
1619191,0,71,63,40,178,42.2547747,0.164328661,22,0,0.020403418444732764
1793952,3,117,59,34,47,41.4900127,0.137275406,31,0,0.2101920396371836
1618507,0,165,91,22,32,37.79418398,0.296085992,23,0,0.015406648955324643
1020431,6,123,83,13,181,34.36708143,0.183368651,63,1,0.9286549180735748
1381827,0,157,85,10,239,38.25869829,0.649241911,21,0,0.02622986762610823
1596093,1,72,78,9,59,28.52861812,0.079105168,30,0,0.1034755493687933
1766404,0,78,87,54,18,21.58160503,0.251296471,22,0,0.0051869005724500435
1318475,2,90,98,46,215,31.18751188,0.197191508,21,1,0.7954336560649218
1011018,0,85,82,34,187,21.37800517,0.137360154,25,0,0.002447903345274543
1146888,10,58,55,33,79,36.63833473,0.222650496,21,0,0.18588047957404685
1303971,2,119,77,44,449,29.65240143,0.788766936,47,1,0.989286177692509
1933033,7,126,53,45,44,38.75564892,0.236870514,22,0,0.05477942551669102
1269147,8,174,82,8,326,21.39649084,0.199861999,29,0,0.30399210140058747
1082671,1,74,55,9,218,21.06928165,1.838577268,47,0,0.12332382661000309
1954564,1,71,80,24,236,41.79271048,0.180297864,21,0,0.04184486012681854
1550882,1,160,81,43,165,22.08009268,0.131306434,21,0,0.02225357505921467
1353233,2,143,69,42,237,19.91127177,0.110449742,23,0,0.26235604202332397
1164127,7,97,91,49,88,48.02759382,0.204336117,46,1,0.9815781573606686
1842493,0,123,53,15,50,48.05910404,0.080440474,25,0,0.011749720294327025
1980886,8,170,82,55,58,26.21948052,0.153414492,49,1,0.9769654281419302
1100908,8,105,67,55,605,37.09121348,0.158863574,21,1,0.9591956694680065
1860888,0,148,94,42,249,18.89594233,0.622016623,22,0,0.0201301378011216
1549166,4,114,84,21,177,42.98901235,0.300072435,33,1,0.5903798288035021
1542433,3,137,61,50,92,30.53547764,1.129001257,46,1,0.9951694152229137
1366524,5,188,99,41,332,46.03838054,0.144328254,22,1,0.9520338682513011
1619074,0,121,86,52,34,43.25311437,0.215441009,21,0,0.01349656431357981
1534499,3,123,53,33,71,48.11325002,0.205944674,21,1,0.5661067046047978
1050664,9,52,40,52,57,35.44842198,0.979802746,23,1,0.6513589004562419
1651224,1,90,62,18,142,41.48801903,0.426984499,25,0,0.01065308086163009
1074988,0,92,47,20,140,43.12634966,0.295378288,21,0,0.011279102004448836
1111546,0,118,84,56,261,20.41129361,0.700989064,23,0,0.0182247118583471
1911582,0,89,56,9,45,39.69377607,0.128061356,24,0,0.002697819582225339
1076412,6,80,81,30,415,18.69664504,0.140927083,22,0,0.11798635041452091
1610214,3,134,87,25,76,53.45052026,0.093531846,23,1,0.8645758992225503
1232230,0,123,95,56,41,19.18493478,0.140144617,23,0,0.01022424840899382
1197063,0,127,71,42,86,21.91244481,0.159606758,67,0,0.022425666592530615
1991377,9,132,57,24,257,42.02428095,0.506207871,55,1,0.7529588698875473
1425007,0,123,92,24,183,40.63836009,0.442154112,22,0,0.042299007382176006
1983266,3,181,68,14,583,27.61336054,0.080592934,63,1,0.9963061419866676
1921590,0,51,92,11,174,41.79082623,0.248477847,23,0,0.015046946074308313
1672843,1,94,78,8,146,46.7220133,0.089359563,24,0,0.006052124886627928
1599040,9,144,41,26,181,20.61426428,0.113317302,26,0,0.017966148203317468
1135610,1,98,79,9,43,34.68688414,0.183783832,23,0,0.05233051394102584
1286123,7,83,54,35,50,36.35719543,1.250729054,34,0,0.028122636717385047
1558390,8,113,46,43,238,20.76021234,0.705095438,22,0,0.25735784432118125
1098351,9,171,86,39,441,49.30994015,0.168775302,21,1,0.8460923675376361
1269741,9,95,71,20,47,18.62489604,0.924873454,36,0,0.2737383004138826
1297655,0,132,77,7,218,39.38060023,0.095548173,23,0,0.020630153672773124
1143304,7,95,85,41,25,21.62333388,0.115663082,21,0,0.016575762038968413
1590553,7,59,85,57,265,18.61944548,0.149656337,22,0,0.38255421362645087
1808601,2,100,61,46,72,44.81087319,0.101991799,22,1,0.9528930473742787
1997496,3,120,91,13,57,34.81370648,0.191785338,41,1,0.9805264610985625
1952971,10,116,90,10,26,39.27481162,0.119419518,22,0,0.12320188445488879
1160206,0,52,67,16,42,20.99762819,0.176102764,32,0,0.010062414818089793
1683143,4,112,81,28,523,38.88251389,0.103558419,22,1,0.9438327739381379
1815446,2,84,55,10,47,20.60049257,0.135378703,26,0,0.003341090807517436
1446449,5,107,55,41,141,55.05447584,0.136837902,21,1,0.9042267951243401
1931287,0,82,43,15,191,41.98517597,0.093795735,25,0,0.009262585090268187
1749634,2,118,85,68,81,32.11773599,0.126333005,22,1,0.9596794204022339
1876030,1,76,64,40,202,36.3267354,0.089363249,23,0,0.03511239140288736
1106050,1,89,86,21,157,18.80960785,0.623064362,30,0,0.023077583517850324
1073926,7,91,66,8,148,36.79368586,0.934351747,26,0,0.03182128958101882
1153295,1,87,66,19,16,19.64315378,0.161563341,22,0,0.01125497641666587
1321641,1,121,87,7,27,42.41604711,0.805070775,21,0,0.02441960743897858
1167277,0,93,62,10,260,21.4645922,0.125604578,25,0,0.003584242006317241
1760052,9,80,43,32,17,19.61596534,0.167865778,21,0,0.00898204121739189
1465909,1,75,47,55,551,18.53177125,0.220509175,21,0,0.04493924052162651
1463970,0,50,79,34,184,39.36836889,0.273687429,35,0,0.016322245893496498
1559901,8,137,90,25,47,38.57674411,0.108624244,24,0,0.036823525843721845
1542007,9,154,80,43,487,28.89623933,0.217881203,25,0,0.2966314395614828
1029969,6,119,76,13,77,31.12326751,0.08050424,22,1,0.9520866053811656
1998049,0,71,40,44,44,24.36247195,0.189575874,31,0,0.026076236238882
1619427,4,149,44,49,304,30.86636836,0.820828135,45,1,0.9703311298413629
1555608,3,139,57,42,447,34.52316748,0.126023719,25,0,0.4010438287770269
1243539,0,135,55,44,24,18.56897138,0.194270055,22,0,0.009913332112684494
1145666,9,89,77,11,196,45.88828202,0.150130873,23,0,0.148434620879004
1513769,0,143,57,43,25,28.01153581,0.093153227,23,0,0.02321072063196859
1947431,0,86,51,16,28,36.36807319,0.257450567,22,0,0.005784022249873634
1894597,5,99,90,45,226,39.33137186,0.576351979,54,1,0.9637242122187161
1009967,0,93,51,8,188,21.02939217,0.272234569,22,0,0.0037092177406666386
1404894,5,128,70,29,59,48.44016317,0.15807636,29,1,0.9121537664919291
1460223,0,51,40,24,258,42.73395114,0.619766835,23,0,0.03823716292505131
1033219,1,123,50,36,44,21.90756643,0.725875979,23,0,0.01003184395600402
1876144,7,124,86,42,185,33.48296017,0.651766574,21,1,0.7101966317681255
1651766,0,172,79,11,46,25.68020344,0.736248277,22,0,0.08742941591496185
1229932,6,93,64,90,87,26.27328235,0.080801568,47,1,0.9701014069116717
1028868,6,76,54,11,293,36.81311035,1.236947714,21,0,0.2109254338566292
1977182,1,95,99,31,251,47.76222428,0.18212313,25,0,0.007649879550022547
1268536,2,86,109,16,673,21.74864449,0.110197539,23,0,0.0847865659408563
1973549,4,141,85,23,68,41.70468195,0.194246422,22,1,0.814136686915408
1233591,0,108,67,41,78,44.22343561,0.128730442,35,0,0.055359166905854566
1941294,1,140,69,44,32,21.08775862,0.154170893,22,0,0.027671183446887765
1191760,1,51,86,33,20,21.01954378,1.248048796,24,0,0.011513116547745473
1014570,3,51,94,41,43,35.95428137,0.145094571,23,0,0.16996164476028616
1317583,0,96,85,56,190,20.87063454,0.117104268,24,0,0.00555373153770908
1981017,0,160,62,31,29,21.00698057,0.129748194,24,0,0.0032085483973367944
1033210,0,154,66,31,30,20.4278381,0.163579575,23,0,0.007810556188883144
1800129,1,72,62,15,169,35.51691357,0.195471016,38,1,0.6072102523808143
1988291,4,135,80,42,159,46.00192374,1.353443947,22,1,0.8178576058966586
1635320,4,109,46,13,171,35.48189461,0.537603654,21,1,0.9463053825834293
1336177,0,115,76,43,20,19.07793769,0.84628917,23,0,0.01890065432913908
1589198,8,97,61,12,24,21.22850099,0.204243891,23,0,0.16630673048756292
1041281,8,104,65,44,560,40.73735149,0.738454242,44,1,0.9774887262099926
1979004,13,133,91,43,192,35.63903961,0.858898389,22,1,0.8056592457324286
1545412,9,175,83,28,152,35.44776613,0.190020495,44,1,0.9733838425454405
1658799,9,67,52,17,192,30.22112348,0.090101377,22,0,0.30599798179531085
1076303,0,113,52,34,19,18.50954926,0.228134753,45,0,0.006921725323536117
1809472,9,137,49,29,520,43.04610352,0.482079907,29,1,0.5323324630910532
1354778,0,171,80,34,23,43.50972593,1.213191354,21,0,0.03509423133735796
1591423,2,151,96,30,53,20.09670104,0.100382613,21,0,0.3133349482269719
1029603,3,126,49,17,14,20.21485199,0.118722838,23,0,0.024784048222724484
1419366,0,73,83,41,71,44.14733321,0.08703883,22,0,0.025071504953004767
1515634,1,93,84,10,414,21.65164315,0.151366633,25,0,0.005905067540737418
1069952,5,108,65,47,308,25.55769692,0.171649372,55,1,0.9973925881760971
1750435,0,121,114,8,179,21.03645061,0.176361989,25,0,0.0032428594451097224
1102430,0,92,82,10,58,47.16204082,0.105486141,22,0,0.01678719119889091
1436374,5,100,79,10,34,30.27666782,1.235960953,34,1,0.5002593761790418
1681360,8,97,82,44,38,20.77442278,0.217594644,26,0,0.01797300261165428
1510710,10,116,81,35,43,35.75852423,0.853461677,22,0,0.3795561520137856
1815612,1,81,63,21,36,34.21373291,0.27866504,22,0,0.041337270498754915
1401778,0,72,86,34,37,21.25703838,0.63368815,30,0,0.007800554869083831
1294533,3,96,98,47,457,38.582575,1.475963703,35,1,0.9586024041514576
1117673,1,84,83,32,50,36.91353213,0.083048628,22,0,0.011831661797527213
1048974,7,79,72,27,18,30.47094334,0.53227262,45,1,0.8013753805391478
1497162,1,128,84,41,246,36.4142313,0.133718713,21,0,0.05588354036885605
1717081,0,94,89,7,216,20.19240543,0.126357595,22,0,0.007308061175049639
1985252,7,183,50,7,51,34.00235239,0.154163621,24,0,0.08177115926338542
1683195,5,151,66,40,204,43.23829387,0.322409,65,1,0.9624478405425122
1079281,0,144,65,35,49,21.4649384,0.809177017,22,0,0.013419168577635594
1651139,0,126,85,16,38,20.49608977,0.172150629,33,0,0.008556814717543907
1998677,6,73,93,23,258,18.35325561,0.090768787,22,0,0.057158934386306884
1305003,1,80,52,35,46,19.04536103,0.170177183,32,0,0.00557430472836338
1153589,0,126,96,55,53,47.07374402,0.155442118,21,0,0.02227978946113564
1512405,0,54,42,22,261,19.15012243,1.927155228,26,0,0.01808341174239144
1289444,1,83,92,9,22,37.16516286,0.230876434,24,0,0.002587344426106666
1617548,7,58,48,9,20,21.08837323,0.193619939,69,0,0.009255431061683054
1072019,3,102,90,14,510,25.21343394,0.640725977,22,1,0.9930195113381228
1724480,1,134,80,31,187,35.87898513,0.177301483,51,0,0.14303008140053838
1203073,7,98,66,41,490,24.67570584,0.595024929,21,1,0.9773115325475593
1889580,0,82,93,33,27,49.8274101,0.143467381,22,0,0.02660732309039225
1615126,1,148,94,7,380,19.62364907,0.174251649,22,0,0.04129139050195007
1927030,1,131,43,51,173,49.50189278,0.431407923,23,0,0.05210995999434104
1358695,1,142,57,41,290,21.56498864,0.230350362,22,0,0.027560405105876925
1282494,7,69,93,34,186,36.00547973,0.192537483,32,0,0.09075270634652767
1205200,9,74,60,27,267,44.0438226,0.090307093,40,1,0.7953512902141101
1184651,7,104,59,44,48,41.00171479,0.113593303,21,0,0.3183753807173938
1407268,0,69,38,32,174,42.86835951,0.603094077,32,0,0.01231400471063239
1373329,0,72,47,44,39,21.90528454,0.181404329,23,0,0.0057304905716763135
1959984,3,48,66,40,20,26.71969762,0.50218625,47,1,0.9282442714403671
1016133,2,103,79,41,316,36.7227186,1.566763788,22,1,0.9666401476076386
1577974,6,70,91,39,22,21.78616953,0.122495483,31,0,0.012189971599600313
1946245,1,155,56,19,49,37.56888804,0.967904133,58,0,0.12614823452092536
1269009,7,90,81,15,193,36.42889382,0.120032885,23,0,0.13905947526856752
1996919,7,135,43,33,37,21.85802232,0.179390334,50,0,0.06344129047406138
1746168,3,122,89,43,23,36.18472484,0.877840402,61,1,0.7550599572575173
1186985,1,131,82,29,267,27.53465927,0.113709823,21,0,0.23248696379796832
1985888,3,89,87,44,43,22.00479392,0.107425619,25,0,0.011957973447010554
1029601,1,59,60,11,209,20.50032381,0.777092343,65,0,0.33715997286619903
1330931,2,79,55,42,355,20.64971028,0.195383807,21,0,0.13281223164964565
1146174,5,106,56,34,180,20.90536333,0.486545073,23,0,0.16860386292762752
1202623,0,104,79,33,30,39.48399329,1.88998238,24,0,0.008276022280416781
1243841,9,120,95,11,147,20.11174226,0.126788729,21,0,0.09184746613207675
1724551,0,91,85,17,233,41.20710112,0.129189421,22,0,0.013416711249280086
1672363,3,82,98,16,22,21.06745282,0.522525299,22,0,0.04350295153736134
1437054,0,68,80,31,75,39.39696177,0.115341085,25,0,0.00493140971492759
1885828,1,72,62,31,206,19.69402779,0.155593738,26,0,0.007174705003824294
1691941,3,119,94,33,134,21.98166633,0.748480722,24,0,0.042357873815659225
1625156,4,77,94,49,36,36.02784191,1.197284286,22,0,0.4516744927730386
1793172,0,141,93,11,212,32.16872052,0.19966416,23,0,0.03332581031947507
1088790,0,81,52,32,75,37.94517169,0.299296954,24,0,0.0032799302773662813
1695106,1,139,78,7,24,29.23956328,0.895285122,49,0,0.19123267624174253
1387053,5,143,83,57,190,28.74726671,0.166621511,22,1,0.9123474451952446
1981530,3,80,84,45,157,38.52993069,1.987060366,42,1,0.8120840163182895
1981145,1,154,89,31,192,19.51620382,1.477769,34,0,0.04419721694357371
1027885,1,138,61,10,48,42.13061575,0.230669413,26,0,0.006103556451627271
1543196,6,98,89,9,206,31.44397266,1.287091985,22,1,0.8358015347531776
1449956,0,108,81,45,157,41.85032109,0.749412128,22,0,0.041985230689890705
1590988,0,86,51,7,260,22.06382017,0.570747871,21,0,0.006186310509861137
1078220,0,141,45,28,30,46.5272048,0.134909197,23,0,0.02216580486456433
1909946,0,87,78,11,69,34.85957147,0.159265573,24,0,0.00904792587187975
1911266,7,149,80,8,25,42.7302332,0.238097902,22,0,0.048219466438106574
1618173,5,142,109,39,83,29.38494946,0.160752907,52,1,0.9682146370540882
1181629,7,95,93,32,23,41.74091104,1.896283577,24,0,0.014748603289851078
1320469,0,149,75,18,24,38.80490905,0.085030083,26,0,0.004989942918804249
1991416,7,148,86,42,215,18.72290602,0.090773033,31,0,0.09297354219538595
1893696,5,95,92,47,306,25.67878286,0.649246269,34,1,0.9335210155327995
1709456,1,94,49,38,152,27.08190974,0.860794617,41,0,0.42878142015654347
1200148,7,89,55,34,492,18.572018,0.119777118,23,0,0.012259594617565744
1549787,0,117,80,42,34,21.17221564,0.094593122,44,0,0.02050260375398721
1584105,0,141,79,41,81,18.34983729,0.154412169,25,0,0.006230309122078831
1160040,9,106,89,29,147,32.54374649,0.796612183,53,1,0.9763203804595739
1686675,1,53,44,27,17,29.35212194,0.173406273,25,0,0.02864900304466398
1201647,8,80,95,33,24,26.62492885,0.443947388,53,1,0.5525090036539114
1613060,3,101,77,11,75,31.73721732,1.248862242,34,1,0.962069632563177
1521453,0,113,80,43,37,22.02700277,0.171732146,21,0,0.012856101148047252
1471859,6,119,81,40,263,25.00859338,0.199962766,21,1,0.811089853391207
1416712,1,131,62,38,15,29.3284015,0.164845457,24,0,0.03236475921586076
1876633,9,105,86,40,49,37.53530758,0.142338896,39,1,0.7686493854880686
1135189,0,153,50,18,17,41.15822275,0.573906786,22,0,0.012818594263945812
1812363,1,88,68,9,62,43.06773398,0.111590215,22,0,0.05754801984879893
1631311,0,68,86,24,139,46.16099393,0.438260006,53,0,0.07749088897591219
1950352,0,91,38,43,47,40.0123397,0.144296424,52,0,0.030637889904238342
1960342,1,122,93,15,215,39.91141911,0.258360043,42,0,0.3741292482987225
1898069,2,105,67,28,176,38.68523712,0.789636677,46,1,0.9808415203581996
1292649,0,108,90,9,46,21.58112215,0.647087632,41,0,0.014931575673977645
1500059,5,89,59,7,133,50.88443603,0.16223058,23,0,0.17238090838472153
1973247,9,108,60,7,28,29.98662857,0.148738456,43,1,0.8296988342448205
1061870,1,141,96,31,152,18.36831191,1.912459273,33,0,0.028317528642109322
1063984,0,121,86,12,165,19.24314576,0.183293763,32,0,0.024372933894833356
1770654,11,97,97,30,77,36.17868565,0.094949106,38,1,0.966417459121538
1725861,10,93,80,10,201,36.00158207,0.243218024,22,0,0.08650697402683562
1016839,2,172,46,15,356,28.5525056,0.972905659,39,1,0.9884406590407443
1057929,1,116,40,18,37,19.41934117,0.136840194,21,0,0.013010112443556621
1432202,0,133,83,24,45,18.29512792,0.85934383,49,0,0.032560941806566907
1253662,7,74,42,18,154,47.43296857,0.421365132,26,0,0.015546029010530165
1584858,1,135,90,24,61,36.36148331,1.237293091,21,0,0.16518927777656064
1268923,13,99,88,41,77,46.8909461,0.154122117,60,1,0.9700265530923916
1951589,1,93,94,19,191,21.38919437,0.755961497,26,0,0.0042786747478739786
1753952,1,107,82,47,43,42.77724657,0.215191917,21,0,0.15773822591084777
1676537,1,54,81,32,51,20.9994048,0.7109678,25,0,0.00486950958494277
1545618,9,118,67,49,366,36.79242726,0.78835172,33,1,0.8959643969967177
1693832,0,88,62,36,172,18.34751722,0.139213289,26,0,0.004344817811976408
1263989,4,114,89,48,49,35.12298529,0.164481922,22,1,0.8139126680155936
1618701,1,92,84,33,27,37.15635665,0.275829951,25,0,0.0025035057663610806
1698452,3,152,47,44,79,18.7659645,0.156562895,21,0,0.25688614455817754
1117032,6,126,26,23,188,34.81397539,0.273141057,23,0,0.23472428323151115
1652917,7,98,54,46,171,20.49617941,0.299404549,26,0,0.02248337007467293
1654523,1,81,52,28,43,20.5656292,0.251401477,53,0,0.027016726339992865
1181733,0,146,69,9,217,40.2677759,0.079244946,23,0,0.020630153672773124
1250110,0,114,80,17,125,20.58481197,0.204768953,26,0,0.002422029575903721
1822946,9,111,54,11,50,25.52350367,0.159794174,22,0,0.44935724023766294
1501378,5,125,65,24,78,32.36025403,0.082543581,41,1,0.9819541404421804
1056845,2,172,46,21,265,35.579524,0.109702132,21,1,0.8834799233623072
1797770,1,80,57,34,23,45.53418652,0.263372545,25,0,0.002541231367282096
1905665,5,144,109,13,21,26.61904771,0.084027087,21,1,0.70819354757878
1699860,2,107,76,30,328,36.71289283,0.122110002,40,1,0.9857182636423099
1809458,2,123,68,24,322,42.50819082,0.113429216,43,1,0.9583498620992618
1269142,1,99,49,20,57,20.97679781,0.113071116,21,0,0.07213826429314599
1067932,0,109,84,32,29,30.9606827,0.202304239,24,0,0.010414060996188468
1547730,2,172,46,11,158,21.48118734,0.103781625,22,0,0.1634981577406898
1775571,1,91,81,7,32,18.77980473,1.153896147,22,0,0.011102661330178343
1827787,8,122,67,42,89,34.70656376,0.198467562,59,1,0.9715897497258948
1727257,1,113,86,41,164,20.83992873,0.12313276,22,0,0.04757386437830336
1193324,0,120,65,23,15,20.16208578,0.183015035,43,0,0.02770005194293747
1491813,8,106,73,37,387,36.02586891,0.102099612,22,1,0.9199389711188749
1299136,0,70,49,25,197,20.35067584,0.130582037,25,0,0.004693591398486397
1843396,1,78,47,34,163,41.39751061,0.082287035,34,0,0.0139841931749099
1249357,2,173,73,49,611,31.11999185,1.099851711,60,1,0.9959917957673688
1444898,10,178,96,32,26,46.26011425,0.891785017,21,0,0.49663944698910706
1358304,0,69,67,46,27,21.20563787,0.088040158,31,0,0.010973660623365649
1575518,0,75,58,40,177,21.63977112,0.438416309,21,0,0.007332134802706126
1000326,3,116,43,45,207,29.83377967,1.344657937,46,1,0.9849728316035704
1292101,0,171,53,7,32,38.84386356,0.14468552,21,0,0.019026420304290602
1882185,9,104,51,7,24,27.36983156,1.350472047,43,1,0.7944423129876992
1599648,0,77,72,10,253,21.19284042,0.16488531,26,0,0.003761175957271583
1848974,2,116,61,28,70,29.62974657,0.290039357,22,1,0.9716799519111988
1075198,11,135,78,56,64,25.30626361,0.10521989,21,1,0.9265023679605031
1219988,1,82,77,35,19,26.85410072,0.624969956,22,0,0.07545023026726254
1342166,9,106,48,41,65,43.70905022,0.746117814,22,1,0.8114246316599463
1900216,1,79,86,56,21,30.82597928,0.121725153,46,0,0.4362869700259973
1257308,1,85,86,46,72,18.42018689,0.938202001,21,0,0.04974640036713671
1111632,0,79,91,56,22,20.67827761,0.474020628,21,0,0.00783754364137479
1013795,1,58,66,23,47,33.70695382,0.082036722,47,0,0.3610221955907476
1924996,9,99,57,31,30,39.18488207,0.084133452,24,0,0.028384083212049573
1878143,1,92,51,53,46,20.58666419,0.703774114,26,0,0.006281558183966106
1686232,0,73,63,33,40,40.90280094,0.295389777,24,0,0.002571937938423362
1036949,3,116,92,40,43,36.82162957,0.116915436,43,1,0.7447492194714475
1821577,3,117,68,39,299,28.90098189,0.101385227,33,1,0.939542105312426
1570441,1,71,93,9,50,19.84035092,0.095510109,23,0,0.005565075097346166
1772488,2,148,52,31,38,21.38954369,0.184398557,24,0,0.009106862326836435
1020400,0,89,57,33,15,20.8722856,0.175560114,22,0,0.004098678343139011
1199655,4,96,80,51,173,31.89849977,0.161064613,43,1,0.9816372011398448
1387931,3,116,64,15,83,27.22018181,0.750318127,46,1,0.9961065027961831
1117827,1,116,78,24,46,37.68566948,0.122165332,22,0,0.056311306970256395
1550321,6,71,83,44,15,38.58276312,0.233190407,32,0,0.023143976447159778
1929616,0,78,66,17,37,35.90166431,1.056996947,22,0,0.013535498731966094
1479387,1,79,88,33,239,33.43317148,0.652828541,21,0,0.05768959568035845
1334491,6,159,96,15,295,21.2515402,0.528144759,25,0,0.07059240283261109
1242578,1,81,85,53,20,45.12077792,0.090796202,22,0,0.04184100579180918
1649489,3,88,55,11,199,37.75131416,0.853418153,23,0,0.1394595658951802
1894150,9,69,81,12,373,42.18706737,0.911140051,23,0,0.46266630391077695
1236231,1,135,66,8,35,43.55990129,0.190463731,32,0,0.025194700890527697
1557677,6,146,91,14,35,46.27961611,1.24543177,55,1,0.8155581471463418
1148872,0,51,63,38,191,19.26693826,0.466622087,22,0,0.02212145680648012
1138937,0,77,82,43,47,21.99920709,0.520878107,21,0,0.008968388484641666
1468106,0,52,63,19,19,42.2792367,0.509487279,21,0,0.016389351217926663
1477088,3,77,84,43,34,21.66874646,0.126245342,22,0,0.054258423703463794
1069388,3,104,72,23,167,46.49187627,0.542864766,55,1,0.9823084419842113
1854989,0,100,60,35,87,19.12068215,0.180429261,21,0,0.018032994762768133
1830080,2,175,66,11,439,32.41209201,0.204052979,21,1,0.9739109556055665
1198346,9,117,41,36,163,20.01244797,0.106183183,23,0,0.05520988903271838
1401798,6,159,78,7,39,34.74708187,0.284113284,23,0,0.039483780490069426
1189297,7,116,78,46,225,43.06055698,0.12664891,35,0,0.4122605960562396
1550490,9,97,77,47,363,39.89648051,0.085282011,60,1,0.9874418643626338
1089461,0,125,87,56,37,51.02846027,0.169935685,22,0,0.035142390487162015
1266878,7,57,87,7,151,19.89008651,0.171619685,26,0,0.006199105036909664
1058899,7,125,87,22,15,42.03499505,0.78523295,21,0,0.24415596982164897
1728443,0,112,24,52,67,21.11703567,0.470764463,48,0,0.02484844180079899
1778970,0,54,80,44,255,20.41999679,0.133188372,40,0,0.04935170882021885
1937327,5,119,75,34,23,43.51362486,0.140974765,23,0,0.20131505873588912
1569892,2,101,65,26,726,50.68536998,1.215728958,23,1,0.9665654108576754
1200337,3,109,101,23,95,36.48666869,0.853581813,59,1,0.9891034386345171
1818084,3,117,78,14,279,23.38933586,0.108582011,47,1,0.9895468570644829
1110141,1,47,51,36,472,37.76801653,0.28489592,22,0,0.08031568430634985
1372153,4,97,87,14,85,29.8844359,0.117772804,50,1,0.9925958746672996
1254786,1,102,78,7,164,20.29759454,0.160980468,22,0,0.03993063866913027
1047918,0,76,79,43,44,44.64163254,0.224599799,43,0,0.03885966756682774
1576655,3,184,84,15,88,39.72707735,0.735728751,22,1,0.9730066510306374
1914584,9,154,52,10,267,18.63190906,0.850103779,23,0,0.033396545586074404
1274269,4,49,60,56,80,36.86221734,0.156650453,22,1,0.8898970771021261
1780601,2,115,86,8,215,31.12039438,0.947916574,22,1,0.8563259804866081
1913645,6,154,87,34,184,40.4400879,0.101378581,26,0,0.062018907724886045
1086608,0,130,95,43,252,21.04617184,0.177453612,25,0,0.005959542057084242
1445143,10,109,61,23,132,18.7073801,0.295683264,23,0,0.20350341880110237
1298820,4,174,67,52,83,46.00999643,1.078950019,21,1,0.9812198562253979
1268496,9,101,43,11,415,29.12724586,0.848083031,22,1,0.9144892141743997
1560967,3,141,65,32,312,36.15543379,0.290222867,36,1,0.8845666044555536
1713168,1,128,73,7,21,20.09522349,0.105557455,24,0,0.005652243040746769
1628363,0,138,82,9,57,21.77517604,0.182187369,22,0,0.010776808251971828
1591177,9,152,85,30,30,21.35115048,0.688190702,24,0,0.019901742755098612
1218879,1,124,82,42,266,34.98577243,0.083335019,25,0,0.027524401705668486
1634768,0,168,61,34,246,36.88724016,0.114246817,33,0,0.02546040549998369
1191586,0,97,67,10,20,21.32859737,0.848428338,23,0,0.011377140183381585
1731017,0,113,64,45,34,19.75835772,0.130389762,23,0,0.01304074575095854
1487529,7,147,53,44,250,32.66016392,0.085805028,25,0,0.11341079039769489
1320809,10,47,45,28,58,38.19979734,0.159288684,56,1,0.816324279519938
1227040,6,118,86,17,27,19.427257,0.1684566,25,0,0.007719031960597905
1020520,0,158,61,26,136,21.2038567,1.12052153,22,0,0.027787895220394966
1061141,0,146,91,10,34,20.21828806,1.986119018,21,0,0.0141313690479499
1125399,9,89,95,27,27,38.05226303,0.564703047,22,0,0.12828662378048955
1066904,7,87,89,31,47,21.61400286,0.248865458,24,0,0.0015028683574642495
1754319,0,92,70,33,23,21.35116104,0.148515452,24,0,0.002589430097981113
1344000,0,52,86,31,180,21.16264523,0.418484387,44,0,0.026089449983097417
1362532,0,75,51,35,34,39.14021253,0.457878945,21,0,0.008226891827132389
1198106,5,81,89,29,65,36.1892225,0.815370917,42,1,0.9210654139235309
1667859,6,152,87,42,179,21.00981342,0.13872903,22,0,0.1108393125146704
1272886,9,172,97,44,18,29.60979975,0.134796889,21,1,0.5104915887485941
1566952,0,57,51,11,23,20.72877939,1.278695337,35,0,0.02998901139030033
1244167,3,57,82,9,208,29.87901201,0.195827505,41,1,0.8773975561615254
1175729,0,117,78,36,127,21.04000407,0.206602337,26,0,0.0025010244142486602
1006612,1,69,85,17,46,36.56456933,0.139280122,23,0,0.007801500804593798
1553816,4,72,72,34,175,21.3453937,0.761048803,26,0,0.036768733442898334
1068730,1,88,97,46,153,20.88609375,0.170257186,21,0,0.014415171525314399
1529102,1,51,83,44,218,32.82713666,1.094059144,24,0,0.057295833740055785
1087768,5,101,98,25,586,49.09763377,0.111062237,22,1,0.9654265957250184
1444002,3,172,89,23,41,21.31206631,0.432019978,22,0,0.27426509977329977
1560481,5,186,63,42,468,29.40701974,0.091239287,45,1,0.9934568255303712
1908374,0,96,42,40,416,20.22553497,0.079183646,30,0,0.02852819804358545
1892654,1,83,79,31,147,36.12367469,0.491867631,23,0,0.013248775902016478
1488135,0,55,88,9,65,19.81637503,0.713655085,69,0,0.01160319716249178
1675248,0,117,79,33,493,39.12332535,0.296773444,22,0,0.04338518934817062
1043067,5,178,81,16,376,39.25312271,0.977439557,21,1,0.9481808303928632
1965609,1,87,51,12,23,21.25892879,0.116458243,22,0,0.012556510622817442
1124994,7,94,51,55,37,19.39087075,0.492124064,22,0,0.02714853893104495
1212892,8,140,66,46,88,42.34728976,0.140356396,47,1,0.9311938492022501
1216333,1,94,80,42,590,21.83719528,0.744123575,24,0,0.011640698730364142
1434871,2,107,89,53,177,30.34960852,0.67585284,34,1,0.9704059838391468
1271990,2,120,61,26,169,39.64451543,1.083248441,31,1,0.7885150311998413
1701796,3,55,61,44,42,38.32901014,0.213679944,47,1,0.6478502576899446
1497746,1,93,81,37,42,37.0666795,0.08236009,23,0,0.010247681153318965
1408567,0,147,54,37,31,21.71351211,0.157874351,21,0,0.00856502379407446
1070207,3,128,88,10,159,21.87384674,0.099088536,23,0,0.05671423467088225
1667848,3,123,93,40,138,19.09918336,0.112084924,44,1,0.5046609609674652
1292091,0,95,79,34,269,20.29459568,0.159728189,22,0,0.009372189041416873
1878883,6,91,56,35,41,20.89031837,0.141499388,34,0,0.005033855807446993
1806864,6,108,88,11,50,44.73555809,0.123783557,25,0,0.06205826650308209
1057928,0,98,95,57,315,46.91898256,0.751649289,22,0,0.2974278555022955
1566841,0,114,80,32,268,41.82308903,0.114992053,34,0,0.028060421666099015
1019462,0,102,56,15,299,44.19118652,0.995068596,21,0,0.17788903793588517
1713219,1,140,73,10,39,21.6525462,0.22964275,26,0,0.004224079539208794
1729479,1,95,111,17,42,19.42289766,0.166727792,22,0,0.007380571516402733
1040790,0,95,56,18,44,42.28767085,0.126524703,21,0,0.007382689829917202
1581165,2,149,42,22,74,25.54997921,0.099517479,62,1,0.9619245269760948
1436107,1,74,51,35,43,36.33802918,0.294878529,21,0,0.007619314259816118
1061906,0,87,56,30,458,38.20060418,0.129761816,32,0,0.04671413714669807
1721519,6,98,54,13,56,39.77172599,0.511276421,46,1,0.936908832355849
1154869,1,52,90,35,15,22.06636433,0.120863763,22,0,0.011732243307546528
1795585,2,92,64,40,51,30.87899717,0.67497868,26,0,0.3024172990937524
1400793,4,101,84,45,71,38.23647151,0.144296229,21,1,0.9061512449508458
1656716,6,77,116,18,28,45.97443414,1.041152242,22,0,0.10043561840231942
1801929,3,135,57,30,26,36.79853895,0.172746595,24,0,0.05479691165973927
1680739,13,123,82,48,209,43.95443119,0.214251546,61,1,0.9159230661527048
1179287,7,72,68,54,217,46.47008879,0.133936761,25,0,0.16927250078436437
1054529,0,58,55,34,165,36.79494626,0.659966443,24,0,0.005777856262397198
1919093,10,103,51,53,94,32.99827355,0.088650199,21,1,0.9535525978360613
1719185,1,90,62,25,16,38.87509072,0.130836752,23,0,0.023040461135957414
1128824,0,73,44,29,208,36.7755047,0.698474231,52,0,0.10028097209130395
1173900,0,117,51,37,17,38.33081246,0.503598747,26,0,0.005470956441255097
1690446,10,126,55,29,73,21.03461414,0.693834646,22,0,0.214015519902814
1729246,7,182,70,51,155,31.77077191,0.183051686,23,1,0.9239771101512824
1512621,3,171,54,31,137,38.98011095,0.434897185,25,0,0.11909218453408932
1425339,0,155,57,10,154,32.78659504,0.278822917,21,0,0.018852457566769742
1197888,1,80,63,9,35,39.45788285,0.651557467,31,0,0.01803659356693191
1871808,8,118,87,47,47,45.86863666,0.308959087,29,1,0.8042653565670063
1885878,5,116,64,55,140,32.31568485,0.96209165,46,1,0.9871125397294819
1608458,8,134,66,13,254,34.41608397,0.864886158,21,1,0.9284739078777736
1090391,5,107,81,13,64,25.14033856,1.482041641,22,1,0.9936879515540951
1828503,0,132,50,32,34,41.91208697,0.187577111,22,0,0.012050810435307209
1465768,0,137,47,11,24,45.24146918,1.219852652,25,0,0.011999790238919804
1225802,3,100,63,48,156,41.47743214,0.13382549,28,1,0.9694447644033453
1275409,4,106,53,30,79,37.88591676,0.178214836,28,1,0.8961573404430023
1507751,0,112,50,23,23,37.84067807,0.180841241,21,0,0.022866791204774535
1587616,1,133,81,31,44,37.41823668,0.105904796,21,0,0.02052873536811168
1681514,3,99,60,42,52,30.49552011,0.139958897,66,1,0.9201899945495884
1822381,6,114,88,7,47,21.27350052,0.187169542,50,0,0.1305097170110218
1828940,1,91,78,8,74,21.24390032,0.702373105,25,0,0.006852759609334701
1813583,6,110,60,33,25,45.47042987,0.195442907,38,1,0.7130957688237768
1519922,0,95,51,17,14,33.74950715,0.775307092,21,0,0.011748572543262299
1052085,6,101,92,15,303,31.17990687,1.272906237,53,1,0.9940109511076697
1955204,3,67,81,33,172,18.64796141,0.241699127,21,0,0.0581467094435481
1913742,0,131,78,12,418,18.24042539,0.197316948,21,0,0.06480511917896647
1179784,0,52,64,42,14,35.4689409,0.717002542,45,0,0.08395336491576465
1609793,3,102,63,27,63,30.25374937,0.223223247,44,1,0.9940561015282324
1380720,4,105,66,28,230,35.69006444,0.513767011,21,1,0.9803681947580665
1296547,6,149,90,10,47,21.34307893,0.86171634,24,0,0.006863227457214098
1084453,3,128,90,39,27,39.5155251,0.500341423,22,0,0.35465120551559587
1566916,6,103,86,7,220,33.41570747,1.042366279,32,1,0.6523326613814359
1323663,0,81,80,43,165,26.14010786,0.145263308,21,0,0.044920952957473864
1055967,0,80,48,31,22,37.20445177,0.163901565,35,0,0.00799284598637314
1223500,7,123,52,17,19,40.79012766,0.223791908,22,0,0.033734550887445015
1889380,13,76,78,49,257,26.32808867,0.132716749,21,1,0.8567792991344556
1263789,1,162,83,38,37,37.84488393,0.494122016,23,0,0.020455834136088567
1002646,0,115,56,44,28,36.88265123,0.210746246,26,0,0.004599396205883905
1927584,2,97,61,15,57,19.28026709,0.154080102,41,1,0.9496712532239856
1351456,0,122,60,47,246,37.32954876,0.085370316,25,0,0.012946927450793129
1704118,1,91,54,17,24,39.28839431,0.180671,25,0,0.002686413754240964
1908742,4,125,81,32,202,37.91071488,1.916537705,22,1,0.6860834457256354
1024847,1,78,80,25,36,41.96555236,0.721289188,22,0,0.03174363521556865
1158636,1,91,60,35,29,20.27295556,0.282748499,21,0,0.0074532330855889475
1656646,6,88,81,45,163,19.54646093,0.179522604,35,0,0.02727640341151814
1573016,9,104,70,18,44,18.81018574,0.185378675,21,0,0.15690839251931046
1102122,3,98,98,13,609,27.17671398,0.7881705,21,1,0.9926069688247979
1202065,6,190,87,12,177,42.87440594,1.472821464,54,1,0.9769378672024588
1775818,1,104,64,41,34,18.76263641,0.15985881,22,0,0.06893721570567818
1594341,0,92,65,25,167,20.05897025,0.751286794,30,0,0.0249299800598703
1956862,3,93,92,28,19,46.10520052,0.118946455,66,0,0.25554726771520747
1767634,8,96,87,7,15,20.86923922,0.417232176,23,0,0.0268030351618547
1879599,4,70,64,11,66,33.04913229,0.123350498,46,1,0.9165151796154754
1468314,8,172,80,55,708,42.36198326,0.676735397,59,1,0.9760660614201009
1648428,3,117,97,11,254,55.27241663,0.797551236,41,1,0.9668670975720509
1224362,1,74,87,32,31,20.94267427,1.203701453,26,0,0.004491495284311046
1481343,1,150,51,32,37,43.27717,0.217109598,22,0,0.013261581105556676
1760762,0,86,63,11,190,40.32291695,0.750386382,21,0,0.024531684497778518
1009955,0,148,94,12,14,19.71037185,0.112775728,30,0,0.024969379975579114
1671685,0,69,50,44,15,41.69516041,0.079446649,23,0,0.008412913955675724
1136036,1,92,91,12,296,31.53991158,0.29096534,42,1,0.70859522811358
1325177,0,145,57,32,246,35.87293106,0.108888133,21,0,0.018581145510170212
1635708,9,117,75,54,413,35.17552225,0.112600079,61,1,0.9890011700312572
1559564,0,73,47,46,17,37.47418659,0.196104239,21,0,0.012363564643847634
1773449,3,75,49,34,38,21.64260287,0.730837092,23,0,0.014358405083737391
1306730,5,105,88,27,89,40.71234851,0.758145976,21,1,0.960647877417784
1206589,2,90,51,45,45,19.18456954,0.192504845,22,0,0.03725127827922922
1491012,5,109,76,43,75,33.26848157,0.142513334,21,1,0.978479950285311
1781377,4,172,82,43,604,30.86804279,0.684279669,36,1,0.988887096668367
1076504,6,91,43,54,231,19.2339847,0.497244989,21,0,0.07923743941709392
1935734,9,142,65,41,32,30.10803663,1.173848479,39,1,0.8780055414109745
1521280,0,162,66,41,218,21.38697697,0.187825543,21,0,0.019586043321639494
1368778,8,104,67,15,162,35.84539025,0.080373621,21,1,0.8923391570359874
1773262,1,142,80,33,72,48.79560322,1.066733232,25,0,0.03044728150728484
1317297,9,84,89,16,134,33.66295986,1.021304603,24,0,0.08695796403927798
1906034,0,121,91,15,21,46.9139067,0.120455851,23,0,0.035382598439810425
1150741,7,120,65,10,33,29.13191662,0.159206691,24,0,0.05047576143233206
1736681,3,111,110,33,186,30.18710479,0.173057807,43,1,0.9709746057005325
1980035,1,109,42,34,43,18.88052742,0.855870053,23,0,0.025417823257565985
1645997,7,114,83,43,152,42.1634351,0.201104096,60,1,0.8443479116645967
1322936,1,69,55,16,136,42.63978283,0.119496996,26,0,0.00279030126235045
1737431,1,70,49,19,166,32.04524177,0.167815661,31,0,0.02653233241999194
1524855,11,171,80,43,57,32.32550708,0.182097378,23,1,0.7002627563429948
1534748,6,123,54,46,28,19.31587912,0.194273991,26,0,0.005202026227404904
1524829,0,134,64,44,43,39.44490998,0.437547615,22,0,0.027256769465811705
1919418,1,171,49,47,385,37.73392682,0.127351066,22,0,0.29717017047144717
1543414,0,145,49,51,17,20.34604962,0.488750127,25,0,0.003387061084141637
1741390,7,49,78,15,33,19.6265467,0.098690273,22,0,0.07376982695431672
1307400,2,100,63,22,62,31.40087949,0.30884637,34,1,0.9872601748759963
1998340,9,127,87,35,139,49.55852806,0.460200955,35,0,0.29045398462610794
1756491,6,93,56,8,178,20.24086298,0.78190606,42,0,0.06381408914266815
1758462,3,97,67,12,244,41.77551734,0.204333783,23,1,0.8904123352418639
1368152,2,78,49,20,295,35.88624952,0.677302055,42,1,0.7846688602927969
1660790,5,172,91,10,156,42.74749288,0.152385388,26,0,0.14059959731877075
1149664,1,111,78,33,19,32.37192588,0.186534187,43,0,0.25079984415943435
1247885,8,75,82,41,144,31.28481154,0.683409829,22,1,0.5891733733409371
1361981,4,142,68,8,71,30.39556464,1.444818712,21,1,0.9126550196036793
1471548,1,143,41,33,162,19.96796399,0.155892838,34,0,0.01014566207292578
1151757,3,110,57,44,21,19.7559502,0.100001326,23,0,0.09697498089859953
1223297,7,114,72,15,329,38.17829182,0.215890104,34,1,0.6932896263384108
1579060,1,92,62,12,574,39.41849822,0.840235826,26,0,0.0548830601131584
1673011,0,57,65,41,38,20.81376469,0.481372871,21,0,0.014219386588712496
1120884,0,58,62,22,35,37.59392847,0.108618368,21,0,0.026520738604857593
1021325,8,76,81,10,130,18.56048613,0.53882923,21,0,0.016408742704413035
1341590,7,135,86,34,21,31.32115665,0.18653404,23,0,0.10226967722370467
1520349,2,101,60,29,215,49.20133034,0.10512345,60,1,0.9782551995918878
1959657,10,121,64,11,517,30.67260671,0.154211288,43,1,0.958548249327532
1997950,1,89,77,25,203,19.36598656,0.170576779,24,0,0.015311289895390235
1399297,1,92,52,17,298,21.57821447,0.722902781,35,0,0.014630528544596283
1957186,1,85,97,31,48,20.50612321,0.233491257,21,0,0.005426450907666181
1197205,1,119,86,31,188,20.60340016,0.252479066,22,0,0.012997091865265886
1513190,0,79,41,34,48,43.53932666,0.14944578,57,0,0.027010596615689674
1659892,2,119,73,39,45,21.1464556,0.552150044,60,1,0.5580893125735971
1991114,3,106,66,51,90,38.07070927,0.131431411,53,1,0.9907701916626187
1261893,0,131,94,7,74,40.34995527,0.245572282,25,0,0.00538137041856998
1189217,9,141,54,10,68,21.71840866,0.099247142,25,0,0.01214293656607544
1550270,1,147,60,10,164,41.19968059,0.118340135,22,0,0.04658163816790643
1091512,0,75,73,10,129,21.13675379,0.441493522,21,0,0.006547445051865773
1103135,1,69,61,44,19,20.49874016,0.637872859,23,0,0.014619490231914408
1614101,1,118,72,12,409,21.18379676,0.190875564,21,0,0.21809750602691044
1128891,4,183,81,49,153,46.98471372,1.039389561,21,1,0.9649768026007941
1402917,2,104,77,26,70,32.21366584,0.528181144,41,1,0.9950784852750831
1063170,4,58,54,41,206,37.21912585,0.098121008,23,0,0.26232745660485457
1510486,8,56,86,31,160,35.49995209,0.15800649,74,0,0.22920375680684818
1242545,8,107,82,36,65,26.14560416,0.47000942,35,1,0.9164635118425606
1473571,2,88,85,9,50,21.32482333,0.285687629,26,0,0.003656272722723299
1898794,2,75,82,33,21,19.01099718,0.702358062,21,0,0.048659511877304315
1169564,1,56,87,49,265,21.19811056,0.135433052,23,0,0.08169876199550358
1174220,0,142,48,9,32,20.02156322,1.231773771,77,0,0.013377065697548887
1135563,3,192,85,39,85,23.40539043,0.728135712,39,1,0.9933829096237727
1072332,9,99,55,29,218,43.38713079,1.004482744,38,1,0.927190135826193
1952894,0,183,58,45,127,19.37123694,0.171104353,32,0,0.1143785267409542
1407053,5,104,81,15,670,39.66436575,1.403018874,23,1,0.9556031699038113
1410393,2,67,99,49,421,38.86074513,0.173265782,43,1,0.9499730524237225
1689235,7,82,67,41,216,51.79852676,0.157177486,21,1,0.6901101023217457
1317260,0,105,87,32,42,30.43782393,0.13890514,23,0,0.026778533873661085
1233459,1,101,58,44,39,33.50079485,0.140042419,21,0,0.10101016779545119
1223162,0,84,75,17,61,34.80041034,0.184793891,51,0,0.0711852795168918
1933098,4,113,65,8,24,21.62411766,0.197608106,26,0,0.0347372444925153
1295714,0,149,39,41,55,47.13662061,0.085062402,30,0,0.027408860246180097
1423217,10,110,77,23,138,46.40866065,0.086371255,61,1,0.9523900122916527
1099868,2,114,25,7,465,32.24165976,1.314246543,41,1,0.9264804225561106
1349741,5,119,75,44,308,38.72657727,1.039207529,54,1,0.9676443783025407
1236368,4,135,66,12,18,51.36167656,0.852581529,45,1,0.9191233940841116
1328604,0,97,51,9,127,20.97163952,0.113288194,21,0,0.005976703114137941
1186203,6,75,79,8,33,39.59394642,0.253771799,26,0,0.003308832162757208
1058113,1,126,85,7,42,21.0903142,0.475577831,24,0,0.003736697773569987
1403352,1,98,48,31,33,21.25744175,0.205549285,22,0,0.01783670197439854
1676895,13,105,72,21,139,41.50922011,0.197443208,47,1,0.9581590184272444
1295766,3,101,55,24,256,35.25846828,0.154188594,31,1,0.8697359893812557
1515673,3,93,60,51,257,42.57691616,0.274417869,21,1,0.6560888271946714
1054202,9,111,86,26,339,26.05752746,0.185151463,47,1,0.9877857884091271
1787421,4,64,86,43,90,27.13351317,0.174645845,22,1,0.9716502565633522
1086585,9,76,50,25,259,22.10844154,0.756111862,22,0,0.3688606034483505
1461133,1,96,93,24,132,20.34949756,0.18947169,26,0,0.013591987038236194
1788782,1,73,47,33,205,19.89175945,0.171909479,30,0,0.008743579548036128
1249862,0,183,75,12,171,39.56791952,0.222750231,21,1,0.5024817693079312
1698658,0,55,62,27,185,21.28855987,0.23859555,23,0,0.01353907172555003
1210425,1,94,89,10,49,40.22744189,0.173361454,25,0,0.0034640520020504037
1024421,6,70,70,35,32,43.59818694,0.552539024,47,0,0.4268258523539648
1320112,1,67,88,38,129,36.43966464,0.119775392,49,0,0.11934111740991533
1002870,6,112,81,32,78,24.3614312,0.199913133,23,1,0.7834880938916405
1041408,0,72,56,44,702,19.37265452,0.537077809,32,0,0.018952303691122767
1802570,8,117,84,12,39,49.40562625,0.140644944,56,1,0.7717596376373506
1388363,3,70,79,12,269,36.34241168,0.09537373,54,1,0.8864828390446288
1592351,1,115,87,9,303,45.68144482,0.225029372,21,0,0.10452430631000423
1563576,0,93,95,41,51,44.41410245,0.174029987,21,0,0.016791253273635787
1788583,8,95,68,23,76,37.36871277,0.094093494,23,0,0.3188441666170324
1714024,4,152,86,14,198,33.48964148,0.159112898,59,1,0.968612192039498
1515484,0,129,85,43,218,19.2444331,0.759245882,31,0,0.023523764398673173
1491021,6,81,95,36,67,28.98412742,0.175336728,36,1,0.8926048802929138
1919031,0,116,79,45,189,43.10584565,0.426567868,22,0,0.032215418720686964
1712140,0,152,95,46,54,30.22207625,0.106961805,21,0,0.052215598542833336
1850274,2,138,106,33,432,26.65902465,0.155142861,25,1,0.5246932241170992
1686143,3,172,65,30,536,38.09938571,0.781350614,42,1,0.9849297070057917
1260771,0,114,63,45,128,37.90116496,0.218342359,22,0,0.01831297876765354
1978282,1,142,96,43,211,36.87976126,0.115952577,21,0,0.05768360600889084
1919857,0,119,97,33,46,35.66111315,0.117626089,33,0,0.016910479869914112
1573628,7,129,58,31,16,39.84456923,0.094006026,22,0,0.04865076472594572
1171755,3,104,63,33,491,27.2800382,0.198801408,54,1,0.9916337078389441
1008849,0,73,49,42,14,18.45984073,0.101154389,23,0,0.0064627170095880385
1086711,5,118,79,11,57,36.13161371,1.514369205,38,1,0.9402234110740998
1425420,7,71,64,44,30,21.37902558,0.602179193,23,0,0.0163964333954718
1051766,7,96,82,45,85,31.19825391,0.152970184,48,1,0.9578301309848142
1368351,9,158,81,24,175,22.10898219,0.157364746,21,1,0.5943552294539913
1416388,3,118,62,23,94,34.50459786,0.173549874,59,1,0.9920601015909063
1524739,0,86,62,33,205,21.38096564,1.236348817,23,0,0.015993622684065678
1917971,0,83,115,20,196,20.66851752,0.190512071,21,0,0.010338544431859335
1890207,1,107,44,35,45,39.503356,0.106881694,21,0,0.04462896400705889
1353632,4,106,80,7,91,24.75882097,0.736291308,43,1,0.9841713670151826
1511654,6,106,60,28,69,45.42605037,0.66693114,45,1,0.9833081326301233
1842813,1,53,44,50,261,20.97932622,1.976600779,23,0,0.08234138653982147
1208170,5,96,78,17,48,21.39119104,0.175296609,21,0,0.15720459100070738
1793523,0,124,66,42,26,32.69599939,0.261382588,21,0,0.023328876182397432
1369961,7,99,85,31,44,18.21145072,0.546473231,24,0,0.019468084225479212
1621440,13,106,78,12,53,54.06607993,0.174477354,22,1,0.9739149506217224
1943830,1,88,86,11,58,43.22504089,0.230284623,22,0,0.031163443905808774
1773145,0,85,72,32,370,45.07455132,0.146376,42,0,0.16463502543007244
1655602,4,132,91,30,204,36.74101006,0.618446272,56,1,0.9309387462560864
1995417,6,104,82,12,193,33.74332232,0.512023353,22,1,0.9159901819494197
1743160,0,57,60,35,16,37.37420393,0.879615189,24,0,0.0061229461221467855
1504272,6,127,85,46,36,47.00251533,0.575426355,24,0,0.03404275792607439
1579869,7,71,57,7,36,19.05766155,0.140696197,52,0,0.029779558586302584
1143299,0,55,56,35,45,38.07502603,0.140627788,23,0,0.00789294911659578
1417902,6,85,68,29,63,31.37309253,0.50923588,22,1,0.8229281281958286
1876981,1,68,62,12,37,40.14011073,0.251511048,22,0,0.0349062844804479
1409518,6,98,61,22,250,36.56838028,0.089266201,23,1,0.6851522102207965
1015338,1,76,48,44,37,21.280339,0.079090307,22,0,0.009165992230451836
1210686,6,122,82,42,26,21.28687253,0.099567233,21,0,0.04365871405673773
1138269,1,146,39,40,35,19.40062052,0.800547159,21,0,0.019935869888005532
1197084,0,127,73,29,488,37.96486982,1.276101852,25,0,0.03769126383624892
1021296,3,174,64,27,54,29.5914181,0.134761238,21,1,0.9720220328618144
1117730,9,102,51,43,33,34.75361586,0.178573771,22,0,0.4014392147257347
1520865,7,90,53,40,44,38.36169122,0.5376857,56,0,0.23587870729134144
1094089,0,155,53,21,563,19.83153821,0.240613752,22,0,0.022804000676007595
1303766,1,86,80,18,50,36.35229643,0.922663458,53,0,0.10469463016297252
1846582,4,108,51,10,73,36.08406019,1.1790841,47,1,0.8678931043196536
1201491,0,138,61,34,202,19.1057725,0.078176817,24,0,0.004851854644303794
1717343,0,125,41,31,42,21.17975367,1.299266472,24,0,0.00738859385223986
1516443,0,144,58,45,37,35.86572781,0.531889563,23,0,0.014596222153935861
1348061,1,135,83,45,125,21.4823631,0.245921578,24,0,0.003787743655519434
1551321,0,93,60,41,167,21.49410072,0.087245371,26,0,0.00405190192893037
1802228,1,67,85,31,29,21.40744199,0.129540069,24,0,0.002559468423290182
1006821,0,78,53,11,186,26.37225586,0.594058753,24,0,0.011754006662448824
1749918,12,96,79,34,321,54.32325848,0.448798646,44,1,0.983607733077414
1845341,1,95,89,10,260,20.00776811,0.287085178,22,0,0.008788121197935279
1317543,13,110,49,44,81,37.24223375,0.724903859,42,1,0.9486355283429077
1449899,1,94,97,24,188,24.32449398,0.114406348,44,1,0.5972344476099274
1902102,3,157,58,38,166,46.5979276,0.08610792,46,1,0.786567976637482
1366327,5,115,58,34,139,33.57971098,0.888244069,22,1,0.7591720176716711
1438732,8,119,88,37,17,29.00521078,0.559300354,22,0,0.47842663321296225
1475299,9,104,53,33,14,41.58244142,0.106185162,23,0,0.07101679628329638
1411931,10,149,33,48,221,21.76185653,0.133315507,42,1,0.6393826426633218
1923156,0,82,54,31,28,21.05146881,0.508040044,22,0,0.004249141298306098
1118663,1,58,63,11,63,20.25408318,0.087444729,25,0,0.021171369483326593
1000652,2,131,74,42,206,28.12682407,0.196286975,44,1,0.9786735859196068
1981954,11,112,73,48,93,50.91809858,0.126078477,21,1,0.9795152580888375
1326786,6,117,61,13,58,28.86371734,0.263345711,62,1,0.9839900744661038
1633315,6,67,84,34,28,29.11889282,0.09111602,26,0,0.023673116275789708
1960760,0,138,65,25,56,21.16730282,0.190520955,24,0,0.010405170425575183
1119439,1,70,67,11,173,19.86718892,0.876312467,26,0,0.013101449061064181
1344695,0,83,87,18,124,42.82210872,0.118309989,21,0,0.00848086066421102
1201278,0,134,66,10,51,34.06728611,0.268461751,22,0,0.015019310447546824
1506646,1,74,99,42,125,20.58172188,0.24693899,25,0,0.002758212370604672
1073296,8,150,80,11,65,35.28116088,1.481415572,62,1,0.952448333063591
1505051,2,172,91,22,85,22.28407524,0.153003353,61,1,0.9875799429081793
1034254,0,87,56,10,17,37.87836852,0.134110974,22,0,0.00783180438153012
1896744,3,105,84,34,716,32.11250844,0.169232287,23,1,0.9091175541972745
1886585,3,110,76,44,93,26.23091222,1.505485101,54,1,0.9979301203308352
1462104,0,121,47,36,17,44.85370697,0.583459706,25,0,0.00697120970343059
1252475,1,96,57,32,704,38.56390643,0.130381213,23,0,0.06977253321938423
1374837,0,84,91,11,34,21.13112832,0.549377803,50,0,0.01051196591889052
1242851,1,106,66,11,166,30.25597334,0.169017167,21,0,0.4340689866356467
1630017,9,52,101,31,19,39.13326649,0.097169924,21,0,0.09474739716511583
1964869,6,72,51,23,18,21.84525572,0.173404682,35,0,0.0097401854013729
1178687,0,116,53,41,20,41.37900819,0.280241052,24,0,0.004154196624583583
1260720,0,145,113,37,44,32.70178063,0.627510393,22,0,0.03259198155710893
1661044,3,106,72,37,372,32.51223045,0.155643426,21,1,0.9836789248875326
1159493,0,80,56,8,42,42.18963654,0.177842615,23,0,0.005810215171838792
1446240,3,54,87,51,293,47.11613868,0.156807984,21,1,0.8599559890178878
1493971,1,86,77,26,74,37.46158166,0.588354159,47,1,0.5766325423068025
1347925,4,108,73,49,80,50.72895503,0.106498483,22,1,0.9876529870831272
1275855,2,160,54,9,76,21.24790987,0.249030664,22,0,0.09376295302354552
1628077,4,107,60,22,80,43.88651666,0.198694932,23,1,0.9042074202753736
1677879,5,64,84,44,22,34.66747465,0.118274903,21,1,0.6804409589642161
1401879,1,67,54,9,29,20.97971333,0.165397851,21,0,0.005830007041949784
1833534,10,173,46,39,661,29.87595146,0.086066435,21,1,0.8935699458592611
1017813,0,80,61,11,244,20.86343375,0.111741736,67,0,0.013741515625599854
1476709,3,115,66,55,83,37.81631468,0.151010801,28,1,0.9600866583635677
1112530,8,91,33,41,632,47.96095724,1.507377107,35,0,0.31366794621097116
1295842,9,101,61,15,238,48.54223908,0.114015361,56,1,0.9777449460767272
1205376,9,135,67,40,143,37.5943619,0.195669565,47,1,0.8643566667380004
1054973,8,123,64,7,68,20.82401101,0.4372873,24,0,0.04007593093204016
1549141,9,68,51,42,136,38.93756981,0.211971917,22,0,0.06981208249308635
1197310,9,86,104,46,447,20.55028802,0.240924118,22,0,0.07507706055788665
1164979,1,159,78,53,161,22.01903406,0.606526252,21,0,0.05841132371378582
1776541,7,154,83,11,27,21.53916703,0.239334487,23,0,0.011046005702082713
1048750,1,141,81,15,211,43.58683298,0.576290354,24,0,0.03647636978356984
1247701,0,80,42,11,38,32.32524302,0.233860489,22,0,0.0096769744626177
1614423,8,136,62,53,294,28.38729241,0.155807247,22,1,0.9558093571631613
1508155,6,176,87,8,154,27.86941476,0.192742789,36,1,0.920461854980949
1457484,4,123,52,7,181,21.1264391,0.212133985,21,0,0.05208151592683448
1586504,1,82,78,39,15,19.18244624,0.15727181,25,0,0.0037583945423068648
1906314,0,107,41,11,302,21.86039037,1.293114718,25,0,0.0200072804709883
1058144,0,106,49,43,169,38.79617636,0.204270204,23,0,0.021593911087360078
1415336,9,149,61,41,52,34.64797089,0.238076809,62,1,0.8945325264282006
1571107,1,167,57,7,144,33.16066752,0.147075673,22,0,0.04746317115133081
1007890,6,60,64,44,399,18.65694664,0.127812991,59,1,0.780900237584211
1468223,1,122,92,41,22,20.51729668,0.086842086,23,0,0.012863625173011142
1031818,11,94,89,35,511,50.02136607,1.399053537,21,1,0.7959954051821753
1243867,0,85,65,33,18,20.37117157,0.16129221,47,0,0.01187559846977973
1803002,1,121,81,42,41,20.46041514,0.472689402,52,0,0.05133144576715933
1298935,0,144,65,9,173,21.86754732,0.188272589,21,0,0.010724679986024627
1398074,1,128,61,34,134,21.14336608,0.166391239,22,0,0.019561574068994718
1877734,13,148,86,39,215,44.35131977,0.533542147,54,1,0.9031552608979144
1680919,0,90,79,34,233,22.04452319,0.200038328,66,0,0.011631474710910344
1725773,9,80,92,39,273,18.3062609,0.195698285,21,0,0.07954952180481095
1700712,3,80,67,43,78,21.77667352,0.156370155,25,0,0.07079580004978868
1877873,8,109,58,20,39,21.10872164,0.186823812,22,0,0.08631768764212616
1407439,1,72,90,44,23,20.14704565,0.147943456,22,0,0.010885777515113793
1731078,6,117,98,41,154,35.95875138,0.147043592,47,1,0.8394623279882452
1782208,6,192,67,13,40,33.52593959,0.184812701,38,1,0.9487222445295967
1585612,1,95,51,8,174,46.50240115,0.631448201,30,0,0.018887584766537714
1736554,1,88,96,18,42,21.38284173,0.82709286,67,0,0.013194059729717586
1218662,5,102,94,12,339,41.21282918,0.204372743,47,1,0.9855372584995339
1579338,3,169,78,15,81,43.65747083,0.111348726,22,1,0.9035829099598709
1757377,0,81,66,9,35,19.08246313,0.171684498,23,0,0.005528804596751136
1404840,0,82,62,31,160,36.68386628,0.160384241,22,0,0.013647895217060623
1694987,7,76,57,43,233,47.42995543,0.741177109,23,0,0.09292715730557165
1331501,5,58,61,33,247,38.53048573,0.683235271,21,1,0.7059955468484271
1599900,1,151,78,29,128,18.29297402,1.904423116,23,0,0.03381918519292148
1807495,2,74,61,18,152,43.13230796,0.288474179,25,0,0.09141426667603446
1438701,3,102,100,25,289,42.18572029,0.175592826,43,1,0.9790577360099436
1843161,0,56,61,45,40,44.34782902,1.262099586,21,0,0.03190568121283185
1339719,7,154,67,28,40,45.26806767,0.229732175,48,0,0.48767801655916637
1757876,2,100,68,44,76,43.18523396,0.103211952,61,1,0.9803919803828901
1889609,0,47,77,35,78,31.20779546,1.255787955,22,0,0.10028125230695739
1965859,3,74,45,35,29,42.74073535,0.173875878,24,0,0.01659994800400619
1656959,6,86,62,11,47,32.7248006,0.659400783,23,0,0.08074086393732557
1972906,8,130,90,24,75,29.26705681,0.148642385,21,1,0.8917647057245119
1088642,1,88,85,34,28,36.75436275,0.581858268,22,0,0.01360826158712832
1650940,0,168,58,9,50,19.18024033,0.286935728,22,0,0.005092259333922575
1226209,0,95,78,45,219,21.4388016,0.614964661,22,0,0.012789000108725303
1749542,0,87,44,31,219,18.97110965,0.081854495,21,0,0.006629804732525478
1436394,1,74,48,32,59,37.18834697,0.102610174,26,0,0.007429879972473628
1264004,4,138,59,51,445,21.69805175,0.952257759,21,1,0.7352763142191727
1233415,1,117,51,8,238,20.52971151,0.761613547,33,0,0.020581857320588946
1568276,1,67,49,39,15,42.06214547,0.185173876,50,0,0.06580752475228928
1530759,5,104,86,22,170,29.08624025,0.572310668,23,1,0.9299454408322915
1536078,0,119,79,16,23,45.71251437,0.110026052,21,0,0.017180857652963448
1145376,0,162,89,9,125,19.49556521,1.060695352,25,0,0.004007053436197888
1724667,5,97,57,53,213,37.14546648,1.050764261,23,1,0.7926465588516258
1262912,3,51,92,43,59,50.56735943,0.713433435,55,1,0.9689514463470211
1968430,0,128,84,31,186,20.86478082,0.939820287,26,0,0.005929906605462116
1689147,0,96,53,11,27,21.12386027,0.181937773,21,0,0.007166472003582107
1691734,6,123,53,29,43,20.83186034,0.097632821,32,0,0.02302771410286019
1076135,7,104,79,21,88,25.49606493,0.096436282,51,1,0.9833179425102847
1183893,1,145,79,54,45,20.78144882,0.182224696,24,0,0.012102506889655152
1923221,9,139,79,55,268,32.82116691,0.098438869,21,1,0.8614558404496524
1255117,1,97,66,8,42,24.94849262,0.109973335,30,0,0.16267841381688808
1011843,5,113,66,40,45,48.76806464,0.136061514,47,1,0.8968481452683514
1777201,5,176,65,27,167,46.36310894,0.151278855,44,1,0.9786846281036075
1274918,6,45,67,44,89,50.08117455,0.860054707,60,1,0.9638585383656126
1219099,0,86,55,9,29,38.59360774,1.968844621,30,0,0.015468396991113586
1377924,0,75,75,42,158,42.22314012,0.140707899,23,0,0.015926958567590428
1536384,6,173,73,33,40,21.38779883,0.543916922,43,0,0.40552700784834944
1848868,0,95,98,11,630,42.77075407,0.144387222,23,0,0.030200812236138828
1094239,10,82,86,10,36,37.17902632,0.170737213,24,0,0.006042906242756274
1290523,7,123,49,15,33,20.81966981,0.61015281,25,0,0.008493058846013991
1887611,1,87,58,34,17,20.22997811,0.506632716,22,0,0.00547194148906852
1850694,0,67,40,7,237,37.25724111,0.177021507,31,0,0.012665221345509667
1233700,9,112,62,24,153,46.04081003,0.186945746,56,1,0.953324065810784
1538768,4,110,54,44,334,28.04529315,0.863656154,22,1,0.97141136037754
1339133,0,115,48,8,660,18.95903841,0.238237306,24,0,0.003176481365514854
1790555,10,154,89,10,87,21.8191876,0.63775791,37,0,0.45968091287061125
1505511,3,172,63,27,86,31.42390791,0.304494927,21,1,0.9926822008943532
1006857,1,94,51,7,144,42.64662263,0.180610437,21,0,0.014009559075849725
1462535,8,52,53,53,58,23.27365317,0.11582611,44,1,0.9608662876490023
1788963,2,130,79,9,43,34.26354823,0.837299665,33,0,0.18388418659220584
1983615,1,137,79,34,42,21.67404904,0.151893585,21,0,0.0112493023064577
1213243,10,77,92,18,20,40.19418151,0.805509384,24,0,0.013532146219047154
1521530,7,89,82,45,26,33.64065013,0.253484003,51,0,0.2778014002077576
1694910,1,89,98,28,60,21.7045907,0.678304665,22,0,0.047330775346964955
1541930,0,72,49,46,274,21.82233766,1.286877099,26,0,0.015375156896498729
1814475,1,98,62,13,58,29.71284532,0.087435773,34,1,0.6859456746641633
1569678,0,72,85,33,29,37.31382575,0.141098359,66,0,0.01155651329724859
1123334,0,89,44,7,38,30.73162393,0.172471938,21,0,0.018234093343692845
1179265,0,76,60,9,79,18.80256562,1.865710644,47,0,0.045183317734633965
1378788,0,71,63,32,288,21.33609721,0.446832605,34,0,0.019049802296631564
1731764,2,175,87,14,285,30.79530604,0.539026192,35,1,0.9707112435409474
1136408,3,112,68,57,267,42.30335614,0.893795394,35,1,0.9386327457722045
1244312,0,73,62,34,40,21.53211817,0.158495482,30,0,0.00731698703816226
1527369,0,150,94,10,48,44.74602089,0.94901836,26,0,0.006456937069376328
1912001,9,67,50,20,38,44.25360799,0.870953623,23,0,0.035071496698142905
1407131,3,136,56,31,28,19.88082738,0.223265036,32,0,0.025187625303554107
1794717,1,111,39,45,42,41.27145578,0.694547521,31,0,0.04710150549708119
1247677,1,122,67,21,19,38.17061209,0.098310198,24,0,0.014928668213455246
1582714,6,97,89,39,75,37.29754076,0.086116497,42,1,0.9403727955772744
1650652,3,105,90,14,272,37.8837024,0.829341968,47,1,0.9861078017321118
1157014,5,98,52,8,139,25.22832479,0.772570092,22,1,0.8070749322716219
1479560,3,116,57,23,412,37.35004837,0.182588092,39,1,0.9274740579913983
1981557,2,115,71,22,88,52.33392115,0.096084053,38,1,0.9918328865869512
1333783,1,88,60,9,71,34.91316785,0.917410093,26,0,0.033200899820487115
1524473,0,103,93,48,129,20.36236243,0.114066074,33,0,0.021089258330885062
1010581,2,173,66,40,158,37.8279082,0.156308878,22,1,0.8536510991954627
1097028,1,75,81,46,585,31.71850675,0.558118446,21,0,0.2232509795946015
1475244,9,84,80,15,87,44.90204637,0.097678762,23,0,0.3427486545993602
1950801,3,45,80,12,475,29.69383932,1.576644423,44,1,0.9931857047166527
1351411,4,151,78,44,75,26.05348435,0.128130512,21,1,0.9120926836264668
1160419,0,169,89,8,44,39.60341636,0.609027094,23,0,0.01754993794535459
1384334,8,97,97,44,17,19.55063804,0.761073285,22,0,0.18210570299880963
1576459,10,89,67,11,347,29.09275202,0.141474619,23,1,0.5272562246068802
1097466,0,122,57,33,133,48.14079938,0.544182059,31,0,0.014746233176067752
1229690,1,72,85,53,36,25.71297612,0.219897272,40,0,0.3686781633405819
1417234,8,96,72,53,642,54.82558289,0.087753301,21,1,0.9827443304833974
1378673,10,171,63,27,23,20.55941417,0.178550804,22,0,0.15562143915250967
1144749,5,134,62,42,41,20.89435367,0.169600098,32,0,0.1281304569650212
1267118,5,112,76,14,49,34.71620283,0.507271422,23,1,0.7785230395403139
1110508,0,144,58,12,472,31.96401161,0.434894583,44,0,0.3322869690259143
1923357,6,135,67,26,132,20.99512792,0.150789836,33,0,0.12636682015144488
1138118,1,75,81,8,155,43.74085259,0.275633377,33,0,0.013608192474780597
1116524,2,103,79,46,57,39.32180625,0.200864616,21,1,0.9105295998729823
1059265,1,67,48,8,22,41.18938496,0.088952168,23,0,0.0075658242429808235
1590424,1,124,80,42,42,21.12176214,0.150437477,24,0,0.005125945037767541
1463217,4,110,100,46,69,29.3302766,0.096777439,21,1,0.9746483873354399
1595718,0,132,82,48,16,44.28290037,1.017975426,25,0,0.013028158796531278
1013961,0,143,62,44,156,38.79902038,0.101563548,32,0,0.03114259059082404
1565770,0,78,87,50,29,21.10977009,0.15788164,42,0,0.015923275986221782
1354361,8,116,63,53,15,33.82457915,0.126662422,46,1,0.9003709006539399
1400222,3,57,68,13,181,21.53049718,1.482098601,22,1,0.6222021673353634
1227854,7,117,60,7,47,44.49443025,0.810877893,21,0,0.18245272780985805
1558113,6,80,77,51,216,31.96691321,0.140349134,34,1,0.6750616285805195
1160191,10,139,83,16,33,37.80131015,0.488943928,36,0,0.4721532521752943
1614763,7,110,60,42,87,43.59688538,0.16313848,25,1,0.5232657414826258
1398671,7,126,84,7,239,20.23226842,1.501555124,44,0,0.4552681124269341
1353602,0,57,42,44,176,20.70480978,0.083845104,22,0,0.011011999933064894
1142501,0,164,94,10,51,40.73484473,0.558790738,23,0,0.013534887635659215
1395501,9,58,54,34,65,26.04918698,0.091778079,21,1,0.6042381232030141
1405890,3,175,79,22,18,38.52765573,0.097960028,44,1,0.875084797435604
1608639,5,69,52,21,19,43.16582337,0.489558865,24,0,0.038295624699271474
1546520,0,57,67,45,40,18.67421949,0.110604318,23,0,0.011681543285479521
1660625,6,119,88,29,303,34.08637766,0.199647806,46,1,0.960796616218227
1741585,8,139,89,14,235,40.84902359,0.49441534,31,1,0.5638430233388928
1737763,3,115,65,21,60,34.72523254,0.120795689,43,1,0.9885445679208602
1044459,5,115,89,26,193,33.77851745,0.843868079,30,1,0.8975489794636203
1766458,5,79,50,29,46,28.04270639,0.82254061,21,1,0.5140636601175421
1628200,6,79,50,15,81,40.622077,0.172075123,24,0,0.05881053718406406
1235385,1,86,54,24,21,25.80778085,0.111344723,23,0,0.0398029667549394
1421711,0,93,54,35,176,41.94607062,1.211013634,21,0,0.020948518006394513
1482604,1,138,65,10,28,42.8958664,0.210620676,23,0,0.014796226302377698
1757479,5,44,80,21,75,31.87913664,0.518060645,22,1,0.9279772733733906
1397510,0,130,58,19,57,19.16512239,1.020416301,31,0,0.01816455332677416
1653751,1,53,78,40,26,20.69303998,0.084903417,21,0,0.016985987600387355
1848708,3,104,80,23,56,44.08040382,0.278085548,43,1,0.9683554499065135
1599951,10,125,62,39,175,31.27617964,0.858035172,47,1,0.9630112697449152
1637097,1,164,78,32,43,42.54224645,0.087521377,23,0,0.012558938479122747
1161524,0,122,92,26,246,37.78394203,0.168657889,21,0,0.04515139471661139
1656649,0,85,49,25,28,20.49806396,0.624791678,32,0,0.011311229712244842
1697590,12,115,55,42,490,35.26080723,0.278687211,45,1,0.9370502145897825
1250612,0,137,78,10,41,19.34583847,0.096532344,75,0,0.005107614807111253
1189134,10,70,75,43,54,30.42628752,1.079024751,32,1,0.6616007701667125
1141722,11,93,59,14,450,41.48152419,0.177408519,33,0,0.4020046213684368
1489359,7,105,95,10,129,44.52582978,2.073356067,22,1,0.5232405871125491
1593370,7,110,49,20,50,29.54041114,0.547813022,23,0,0.3233182319009928
1539214,7,129,65,35,242,21.35691169,0.813176846,23,0,0.13638569705627493
1852159,0,45,51,10,69,38.41644149,0.162102478,31,0,0.054001824394168126
1499306,0,86,50,42,126,41.14954103,0.704270607,25,0,0.004590310964214446
1451300,0,173,54,9,48,37.04751571,0.190083276,23,0,0.01857838337296167
1613143,6,58,40,52,83,39.43489649,0.233778193,22,0,0.4148823669292641
1867795,11,122,86,51,287,34.05223048,0.097247938,29,1,0.8949269203700334
1585506,2,112,45,45,35,39.00146533,0.101954142,23,0,0.22286544618831092
1087083,0,113,61,17,192,18.73086541,0.147485809,42,0,0.02632377787309616
1429299,7,147,48,42,16,38.83648523,0.146221914,21,0,0.07941253859945728
1794722,1,164,84,25,129,35.28132103,0.079369752,21,0,0.08943775485013024
1324939,8,74,91,45,75,20.76135642,1.472681932,46,1,0.6507705480693063
1015061,4,151,100,40,159,20.63936454,0.100299909,43,1,0.590744411450553
1814270,0,76,54,20,19,32.63692492,0.280537102,21,0,0.010860595167036555
1805858,8,142,56,39,255,37.0211453,1.924454741,21,0,0.44470746861094784
1365201,11,170,69,56,162,42.59862402,0.660859585,34,1,0.815010986212055
1093816,0,121,56,39,30,36.03267082,0.291473752,22,0,0.014158818403824372
1167772,1,111,58,43,39,35.79982763,0.188673238,25,0,0.02093587434873769
1264265,0,90,57,56,180,21.34768191,0.127679081,26,0,0.003206498198644935
1231919,4,118,68,8,326,28.85215422,0.677441273,44,1,0.9691363334701455
1997911,2,163,86,41,29,21.76718237,0.255160256,22,0,0.08525998710677776
1159154,0,103,55,43,43,44.78586573,0.153237953,23,0,0.01824452089028422
1339260,0,163,82,42,30,20.4300866,0.675179458,24,0,0.005312591917676131
1379713,5,74,58,8,41,48.99236871,0.184434273,23,0,0.03437820680101491
1520212,5,100,63,52,348,24.06248825,0.083171517,21,1,0.9941802633009662
1583676,2,97,60,45,95,49.7611286,0.091170661,22,1,0.970577649940654
1945281,6,94,88,32,168,20.05012576,0.092245375,23,0,0.011836477085932655
1741340,5,115,59,11,157,21.57593204,0.20439727,22,0,0.25546348863453694
1113443,1,126,45,31,167,20.91311472,0.261174547,23,0,0.0061248994930767076
1829877,3,144,43,29,276,30.44952356,0.760509354,21,1,0.9317928090068721
1661849,0,144,91,33,25,28.19704032,0.171518343,23,0,0.019525098305708668
1685127,0,71,84,35,18,35.4060236,0.76086317,35,0,0.014345416523446106
1905885,7,70,75,34,43,38.10353594,0.099091921,22,0,0.06577434743766805
1936375,6,111,50,46,157,18.26360062,0.095361617,22,0,0.14374233728319713
1544673,1,148,66,10,27,37.9053049,1.052951134,21,0,0.03671549110406403
1239953,1,84,65,8,186,39.17750173,0.160839976,23,0,0.019365153479282863
1866563,0,94,81,43,129,37.41038771,0.204841113,26,0,0.004581794728536438
1564888,0,77,83,29,39,41.97467162,0.702694553,26,0,0.00863841508478394
1856656,0,85,44,9,185,19.63921116,0.118406004,25,0,0.002098745582056516
1267578,0,171,67,45,171,19.21692364,0.104286131,25,0,0.008536545599594485
1037012,5,119,87,44,372,45.64088779,0.893960544,59,1,0.9694146658066012
1672929,1,115,62,8,20,39.52446622,0.706973033,24,0,0.013733520732226586
1951833,0,92,83,42,151,42.49317723,0.244723249,21,0,0.012619102457879495
1655873,0,93,81,9,73,37.61944867,0.420137362,21,0,0.017118415821852178
1512015,0,149,39,35,125,38.35239559,0.173280331,31,0,0.01136379679238022
1295233,1,173,77,42,41,18.93254796,0.154152296,50,0,0.1098083960637577
1205415,9,55,52,33,51,38.60657214,0.522830185,22,0,0.11247758681000158
1227029,6,99,91,42,82,51.7978198,1.125685773,22,1,0.9571972114023635
1293534,0,138,54,31,37,43.78873548,0.141740181,23,0,0.010555929696030314
1434499,9,111,72,13,14,44.64528549,0.180449805,40,1,0.875827510930371
1515743,0,121,64,7,33,20.30204428,0.173688647,60,0,0.013479270729253626
1844587,1,81,66,46,346,35.18820906,0.290318301,64,1,0.5832767012172324
1435471,1,74,80,31,73,19.63801413,0.150365651,25,0,0.0062108573186938085
1573590,2,74,55,23,210,18.5726736,0.172600572,25,0,0.020640297507033098
1816186,0,127,90,11,21,20.61758534,0.502685957,26,0,0.004188070996565095
1716230,1,157,41,11,124,21.30390046,0.093553674,24,0,0.002990058653131482
1347966,1,63,61,41,62,31.82287766,0.104182517,43,1,0.8926189960678305
1730494,2,103,83,22,194,26.88362169,0.8862019,61,1,0.992486588751242
1842362,2,110,61,47,605,37.87062113,0.198809316,47,1,0.9920949076332141
1836137,5,101,78,29,82,47.41899952,0.657384569,62,1,0.9878625463905931
1965665,0,150,68,10,254,40.05629873,0.249068899,21,0,0.020606169042605097
1611584,0,109,88,34,195,45.27452188,0.115133811,26,0,0.009164428513803908
1205930,0,128,52,24,23,21.48534865,0.122644721,24,0,0.004307471329407992
1917053,0,88,39,44,39,39.45875948,1.800406808,25,0,0.009306526737220744
1714558,3,99,45,39,82,18.40108958,0.5278321,43,1,0.8021230080866705
1155569,5,150,59,23,212,40.28101311,0.902182052,43,1,0.9385042518428011
1709664,0,138,52,45,583,38.13109072,0.595874096,23,0,0.04708801585756605
1784516,0,147,54,25,125,19.89550273,0.205066964,26,0,0.0029107550519788545
1710145,0,124,94,12,126,18.21735168,0.437898421,22,0,0.018527451194750414
1877704,7,79,94,44,251,48.6020418,1.219599053,23,0,0.22525634408654882
1973144,0,121,86,41,14,20.35069853,0.135548637,21,0,0.012012052439050631
1887399,0,83,47,44,28,18.34707881,0.281614035,31,0,0.006138975064167736
1345651,0,72,89,33,135,37.43014361,0.776447206,25,0,0.003931065258432494
1998477,6,157,61,46,34,45.4173985,0.182843542,22,0,0.22644296488329616
1817632,0,70,47,12,177,37.59681101,0.112069489,24,0,0.008694086309329996
1451806,9,91,73,20,189,35.21752943,0.14660886,24,0,0.15467500030269837
1995594,1,145,55,26,28,21.9729979,1.115252274,21,0,0.029789417509973697
1208633,2,117,47,13,83,47.11139509,1.478590325,55,1,0.9861558591913291
1505487,7,74,56,7,46,43.64838096,0.464924823,26,0,0.003975497625674188
1887014,8,73,80,32,16,36.99034338,0.172305843,31,0,0.029318973125331382
1227157,10,99,50,32,23,20.62917519,0.846861762,24,0,0.018343540971890816
1392970,9,159,66,35,27,21.86526148,0.189480712,25,0,0.009995569870861965
1545069,9,161,48,42,32,21.05480164,0.467198334,42,0,0.19779670269853702
1939306,5,119,67,56,90,25.10404844,0.211078191,23,1,0.961890773960206
1790565,0,151,78,10,45,38.0958701,0.271970545,24,0,0.0033482267075757794
1271703,1,78,42,43,242,18.2781819,0.147483582,22,0,0.012595578009564816
1484870,6,56,67,18,182,19.15825503,0.140676934,25,0,0.016026199339697234
1618131,8,110,91,22,187,47.41170027,0.126530889,21,1,0.7875790404168947
1492707,10,98,86,19,15,39.89388551,0.100143348,67,0,0.1370096026358888
1534735,1,67,80,26,26,48.01214008,0.451105501,22,0,0.03718567475494753
1526937,1,67,57,9,34,45.50322517,0.0869038,25,0,0.0035865704658160874
1170218,5,117,81,13,38,36.17343974,0.573343994,22,1,0.6154259854237075
1985822,0,135,64,54,21,20.51970218,0.167836446,22,0,0.010690003381069933
1433594,2,119,77,42,279,46.673963,0.159345003,22,1,0.9088723463509419
1064685,0,117,55,46,24,41.78641923,0.443894625,21,0,0.018833632000032994
1231136,4,70,87,35,147,19.888951,0.256579537,26,0,0.011602529468939105
1641457,2,103,100,45,258,39.82424202,0.856877675,45,1,0.9694096515786075
1466895,0,92,83,35,267,21.96900135,0.174501454,23,0,0.0063530303102428826
1266512,1,140,79,15,42,46.3385459,0.290327527,26,0,0.012341530684551487
1263469,1,147,89,45,42,20.42448831,0.086526188,23,0,0.012863625173011142
1952256,5,106,77,29,96,34.489075,0.108598134,21,1,0.9890493755922275
1074931,5,176,100,23,140,31.84318661,0.987894662,43,1,0.9928534531480945
1864908,9,92,60,50,203,39.97585366,0.890205642,53,1,0.844084552829456
1352311,5,114,98,74,173,31.52632296,0.16877927,22,1,0.9483751956246599
1149613,0,82,97,33,32,21.68876535,0.194807754,26,0,0.0024771311048892024
1646797,4,64,94,45,58,25.46499895,0.100645133,22,1,0.962615483618331
1595157,0,88,56,16,71,40.01550971,0.486480362,23,0,0.010017782456972858
1856417,1,63,101,46,206,42.57627766,0.193197927,45,1,0.5924597257363198
1854242,1,111,78,54,193,19.58332061,0.110704005,23,0,0.09721279561488999
1288811,0,89,59,20,260,37.73181477,0.440606144,23,0,0.016959593459293088
1966643,7,78,56,57,142,38.07541315,0.247389615,32,0,0.1429198036131107
1776730,0,103,86,40,43,21.76229599,0.81268483,46,0,0.034689403144896575
1006868,0,117,38,51,48,18.40311797,0.237607141,36,0,0.029327445695796546
1587185,3,116,88,14,197,37.64425536,1.085443597,56,1,0.9723349728282519
1903251,0,154,92,25,88,18.73487659,0.475527858,23,0,0.028694847741422152
1639657,1,154,76,9,181,18.25877836,0.128320054,23,0,0.02108689185078424
1721986,1,143,79,44,162,21.29710639,0.535657592,71,0,0.02693039411394144
1289671,0,149,47,19,413,41.70696058,0.145824543,23,0,0.029826760258043407
1592729,1,186,29,15,163,42.32441989,0.186393973,30,0,0.4642752160611667
1314044,1,89,44,20,27,30.51052726,1.850631581,25,0,0.030668428000431437
1408567,1,136,41,35,23,18.93395459,0.867318584,26,0,0.00404894431665855
1442804,5,99,44,40,340,45.68004904,0.106872941,38,1,0.9572832834894844
1710771,8,109,62,23,89,46.81520411,0.173402101,32,1,0.8922333403321332
1169093,1,113,60,56,138,40.29128502,0.089953498,22,0,0.19211574171245346
1100945,0,58,50,11,50,38.05552058,0.553658124,22,0,0.014437278269488518
1903207,0,118,82,23,163,21.01633109,0.160465586,25,0,0.006122669062939578
1916097,6,91,52,41,34,19.23251422,0.228223229,23,0,0.003813526381538489
1445102,4,175,66,27,180,25.92897846,0.795882796,21,1,0.9870675894612433
1519166,0,145,56,35,23,20.16559715,0.091087452,24,0,0.0022202722090623197
1800258,1,81,83,8,37,19.13534648,0.107932092,26,0,0.0024984699690102693
1344391,3,66,67,28,49,21.51441755,0.162870808,22,0,0.34698211942452845
1820342,4,105,83,45,87,36.61625336,0.185189025,40,1,0.9724160723136074
1543930,6,152,55,7,167,42.99159244,0.469845146,25,0,0.025130897608105586
1172139,0,84,61,32,58,21.64387282,0.527811551,23,0,0.009178706918872681
1069023,5,109,67,29,58,51.49934103,0.158948779,21,1,0.986499126584789
1962816,0,91,24,51,220,38.59448533,0.533609269,25,0,0.006331904374488369
1211707,0,108,88,20,351,39.12714906,0.09433277,21,0,0.10427606731671744
1688267,0,144,77,11,28,20.37601014,0.210802052,30,0,0.008889563136310199
1222665,4,173,68,28,347,36.00097863,0.944162422,45,1,0.9854424415084919
1435408,5,135,90,31,59,30.25483993,0.195649855,23,1,0.7911130472555841
1386010,12,97,86,39,88,29.62314843,0.155393649,47,1,0.9911893771025791
1865434,0,142,66,37,42,39.39766249,0.188577594,69,0,0.01314775679281139
1092876,0,117,38,8,161,18.5021939,0.096261878,26,0,0.0027475186613906658
1764156,0,75,44,11,48,33.01568686,0.18463134,22,0,0.01233827662238859
1239598,0,141,62,44,31,20.79134773,0.121549846,21,0,0.013543473238950292
1790834,1,67,53,22,47,40.56872486,0.160906784,30,0,0.015860943195825813
1230021,1,141,79,36,49,18.3562615,0.808509769,21,0,0.027113268205845545
1914480,9,52,83,18,25,20.58456803,0.420687031,24,0,0.005980962665341152
1286085,0,95,50,54,77,42.77282135,0.158011983,22,0,0.013497117901599161
1648519,1,124,54,12,33,18.38697064,0.936463581,35,0,0.03248322183140695
1257312,8,97,63,11,526,27.87882338,0.581811879,28,1,0.9505657670428944
1141579,1,128,83,7,182,21.77489818,0.095787058,49,0,0.04928284507281919
1142831,4,112,84,25,19,29.31351045,0.695092202,44,1,0.9526007523591173
1804407,1,174,77,23,156,21.56725683,0.851677861,37,1,0.5537863109357659
1538701,6,88,98,33,92,28.8289645,0.183772776,59,1,0.9009460040639878
1843647,1,155,64,34,46,21.40963288,0.254522596,22,0,0.013264107050050624
1998989,7,79,56,34,212,45.57466596,0.105177294,21,0,0.08785685708092664
1715519,10,108,47,8,51,20.27504397,0.472309462,51,0,0.2168753227063394
1229571,5,111,76,7,52,23.98403076,0.715405133,44,1,0.9686208253525588
1302713,0,156,58,35,147,40.62616994,0.180080582,26,0,0.004662927468925384
1232527,0,115,79,41,31,47.3162722,0.215387209,21,0,0.01859189431587487
1735664,1,110,84,31,84,20.92774113,0.149717768,30,0,0.06954553491367794
1661159,1,125,86,37,35,35.03464841,0.49672812,22,0,0.05391746223289756
1412467,9,172,67,31,49,43.68412702,1.076197711,58,1,0.8231394373557054
1149706,0,87,81,53,24,28.51002897,0.095635585,24,0,0.009382511134836976
1683812,0,128,63,34,190,40.70840955,0.21093449,32,0,0.01497902819465524
1805107,0,166,103,43,42,39.83411812,0.114128431,26,0,0.006963429132589561
1896224,1,83,88,21,253,21.11165499,0.159365467,21,0,0.02141121588105899
1671433,0,155,51,30,37,21.37879719,0.279098706,68,0,0.005250516032355391
1666359,0,142,52,9,190,36.43073484,0.498591764,23,0,0.013356965441301922
1180615,4,100,81,7,91,39.41473928,0.726122774,45,1,0.9432064690016128
1039320,1,115,62,34,49,36.75551584,0.195659281,71,0,0.03946733892705375
1507752,0,125,79,33,32,45.54666443,0.136162319,22,0,0.017273689179377077
1715723,1,126,48,45,32,21.92996794,0.094768097,25,0,0.0039921899919788196
1914068,1,118,81,11,18,21.79104365,0.153968482,21,0,0.020419270550446185
1500407,0,157,62,11,43,20.5947295,0.116130862,22,0,0.010852642863949328
1508832,2,84,95,27,166,51.08084826,0.197743371,22,1,0.7463137116561767
1019250,3,102,87,44,89,43.63037053,0.107778482,53,1,0.9728265263526974
1016784,3,84,91,15,343,46.39680118,0.1469534,34,1,0.7012960928630488
1635898,1,134,84,9,30,20.18714896,0.085960428,26,0,0.0034091460462307346
1146035,1,50,87,31,27,20.64601698,0.473167774,21,0,0.02681006070615655
1339835,3,119,82,56,84,37.49715618,0.183694014,60,1,0.9594404362846235
1863656,3,98,93,21,59,54.78781341,0.873860907,22,1,0.983271896416304
1936865,5,96,54,36,89,32.18636825,0.875284505,40,1,0.9791216205678067
1577057,0,173,63,32,42,38.63267774,0.089141836,25,0,0.008703673437136423
1451529,3,112,98,14,329,28.51839647,0.268938909,44,1,0.9918288208990776
1082330,1,120,88,45,256,40.95658279,0.714929373,26,0,0.01958889961074598
1729410,0,171,95,7,51,37.64255295,0.082341777,21,0,0.023040030997015754
1127447,0,160,47,9,35,37.26464068,0.166279335,21,0,0.01293868014851338
1069357,0,124,70,44,138,26.70186577,0.129655386,31,0,0.05497153943646168
1495178,6,67,68,43,128,36.39784136,0.124057445,34,0,0.16483873652641717
1716284,0,78,87,44,177,45.07319039,0.890092149,25,0,0.010408906644020641
1162564,10,107,54,42,68,48.88498597,0.19803157,44,1,0.9202785145377584
1903086,11,100,66,30,174,50.87045086,0.446419201,54,1,0.9766168453332565
1233874,5,189,75,50,59,36.20378158,0.083710886,63,1,0.9914097917865627
1615637,1,157,86,7,164,38.86253345,0.642281752,25,0,0.00953997079124175
1521309,3,97,74,32,89,40.71953049,0.128072651,43,1,0.975956314322017
1639024,10,87,40,10,27,18.71087489,0.148820926,22,0,0.007751586469315485
1259616,9,115,43,12,142,33.84506056,0.102694999,22,1,0.7471881018103335
1727375,0,88,87,34,207,39.20645636,0.943025017,25,0,0.007524302511098317
1363024,3,51,92,7,42,26.59301988,0.198930711,33,0,0.2942558881832346
1113309,1,90,49,29,14,21.0982681,0.174552291,21,0,0.010761691294205188
1356753,4,150,115,29,52,21.17779773,0.905048708,25,0,0.15039872723696235
1307864,0,137,54,36,19,22.00710959,0.189698587,25,0,0.003331025904964942
1497879,0,169,104,43,245,50.62430799,0.095093302,23,0,0.0583785419866168
1044345,0,89,60,23,35,21.18570137,0.566053538,23,0,0.010850407416244105
1850830,2,84,89,35,147,20.05688606,1.016234928,26,0,0.030905410129052343
1519780,0,115,89,34,53,35.93169813,0.523159465,23,0,0.01459896329002652
1428919,0,94,80,40,81,19.59857886,0.107123039,25,0,0.004794673349686509
1351763,14,114,76,12,55,30.66537659,0.886569118,22,1,0.9772145708828508
1763978,0,141,63,44,23,19.03452595,0.189223614,26,0,0.005018476661123917
1545740,1,88,61,9,37,37.04657402,0.175139972,22,0,0.018593407763268805
1052448,8,86,99,24,356,29.9077507,0.716773446,44,1,0.9599327188038508
1814516,7,73,74,31,21,21.11405797,0.764783766,22,0,0.026493573657202996
1115255,1,105,92,51,90,47.11637099,0.145316497,33,0,0.46320278128679454
1623043,1,83,92,11,160,21.63758219,0.154839701,22,0,0.012010104412376914
1468404,1,110,44,18,150,18.3620882,0.107528339,21,0,0.029101788143948287
1162255,0,138,71,43,34,36.47523653,0.22632079,25,0,0.005733177792532541
1642367,4,175,70,51,93,46.69316546,1.378363007,45,1,0.9968863831049696
1910915,1,106,50,16,543,18.71096583,0.079613317,24,0,0.014768778790697771
1769304,1,163,41,16,245,43.30106106,0.287144547,22,0,0.022715840598578327
1467275,3,120,85,35,81,32.10344621,0.459133972,23,1,0.7402377369646111
1543272,9,161,60,16,39,22.02850578,0.175754031,23,0,0.02253666517726666
1285028,1,80,85,24,29,21.12849033,0.74964201,25,0,0.00591363967202406
1754651,0,137,48,24,187,39.65167092,0.243502112,21,0,0.02380877171495398
1453726,8,105,61,35,45,18.5484281,0.497066068,30,0,0.1173789395355139
1473289,0,123,64,10,78,20.23545807,0.285037416,26,0,0.003616018373509236
1983147,0,45,90,25,25,20.164013,0.084769512,22,0,0.021369334626263004
1708023,1,169,92,43,53,49.03386575,0.236729987,23,0,0.03725473602132461
1497968,0,98,53,10,153,20.53989415,0.776616892,23,0,0.0081249101309424
1608763,6,135,62,42,189,32.27458457,0.768320113,56,1,0.9443143730514109
1336409,2,107,108,21,38,23.50157364,0.119614728,21,1,0.8392492669985969
1182562,0,161,57,7,16,51.08456273,0.181004646,23,0,0.01674047994857664
1260507,1,110,80,42,75,40.03720487,0.239931913,44,1,0.5489794807220155
1373178,0,93,85,11,124,20.61527826,0.437289622,23,0,0.005547639466991033
1316484,0,76,82,7,39,20.56689741,1.310082583,32,0,0.012665492561682439
1455760,7,121,53,35,312,19.82488793,0.114730343,21,0,0.08241471023569918
1639516,9,126,55,30,31,34.18264397,0.295345794,25,0,0.02618013654905967
1897897,0,52,55,20,134,39.95144711,0.561561709,23,0,0.012316010585057602
1234801,1,55,79,32,134,51.41862643,0.143631209,21,0,0.0807865381335921
1542356,3,163,39,19,41,35.89901592,1.893154027,48,1,0.5831894859498392
1983078,4,114,85,43,93,36.56789159,0.24809889,23,1,0.7123792677231017
1970275,8,107,68,15,174,25.04880458,0.125075543,22,1,0.9710640221826797
1479661,3,111,90,12,212,34.23777359,0.134672474,22,1,0.9554564654767135
1757437,0,86,79,31,165,40.69772487,0.155381787,33,0,0.012252670607329463
1342808,5,58,61,45,335,29.86908376,0.1461308,37,1,0.978849455164574
1329439,0,87,53,26,156,18.9057204,0.118211641,66,0,0.012093465099797515
1206556,3,101,86,11,256,18.54095846,0.14809226,21,0,0.40171397974981293
1557975,10,95,83,50,94,32.27401218,0.080645545,23,1,0.6003606629335064
1480089,7,154,63,10,260,35.98360632,0.105909369,21,0,0.39670825783733166
1344823,1,111,93,17,18,21.05632423,0.207475184,26,0,0.004948465809146156
1524380,1,171,48,34,144,40.07848741,0.128838747,22,0,0.03672421321653434
1962045,2,146,53,45,17,37.99910386,0.187790633,21,0,0.22326023661981317
1904285,1,110,51,31,235,30.82023687,0.171940927,22,0,0.2328420444258373
1766832,0,86,65,41,22,21.59639092,0.099203992,30,0,0.010973660623365649
1506012,0,56,53,46,73,22.04330153,0.426448219,22,0,0.013078884382078881
1965234,6,102,83,8,31,31.92891165,0.14212426,21,0,0.3220201087833162
1885477,9,140,80,10,153,47.9003182,0.153700653,22,0,0.31310418089657904
1894338,0,131,79,22,259,37.799543,0.943695997,31,0,0.06075009870375463
1910574,0,168,85,33,14,18.67709409,0.116010436,32,0,0.009112004805954014
1493463,0,129,97,11,27,41.24280673,0.135330437,24,0,0.005794322076778571
1543826,3,169,44,27,212,20.27541297,0.68215885,21,0,0.352206488113735
1920090,0,77,46,36,39,34.1136997,0.133696143,22,0,0.014029199691111046
1562402,0,131,92,35,144,34.34010167,0.100476108,21,0,0.028052471968010223
1162048,1,147,78,35,160,20.56077739,0.148864423,26,0,0.0045282002831087366
1034660,2,99,93,45,148,26.28084739,0.991956873,45,1,0.9891171393273609
1033662,3,108,61,35,81,19.02925723,0.176541099,21,1,0.6866522151746433
1062449,0,122,53,44,35,20.39343867,0.470678372,26,0,0.0034610728590119227
1765695,9,127,66,15,79,36.47271636,0.113150434,21,1,0.8382678011125303
1768970,0,112,50,33,88,38.03786447,0.156405724,31,0,0.024773064468218548
1607661,0,108,76,41,53,21.7386951,0.13832257,24,0,0.005703699658380942
1442858,0,127,90,35,178,43.39075706,0.170562517,21,0,0.01850351843871149
1202684,7,137,82,33,49,28.57718666,0.115882647,24,0,0.042633424331299456
1078686,7,171,56,43,71,20.96103792,0.591260555,25,0,0.031736912772637245
1253385,0,150,78,17,28,39.05951641,0.139749502,23,0,0.010647758667310115
1451937,0,72,48,12,252,37.73344506,0.21025529,45,0,0.10174326786532803
1649248,1,78,79,15,14,35.90188301,0.161280484,22,0,0.03160147433198035
1259965,6,81,80,45,40,30.20366766,0.49437938,23,0,0.10984251695825037
1462914,5,87,95,24,45,19.36202279,0.09618065,49,0,0.26786431775686764
1807582,1,77,81,17,77,21.24645254,0.296738805,21,0,0.012690020538564203
1017765,6,132,68,41,214,36.65202457,0.089801125,47,1,0.8583271243479953
1515497,5,134,62,22,257,45.41038524,0.592885786,46,1,0.9566469152341762
1938549,1,104,94,33,47,42.59214526,0.15969288,22,0,0.0538001747575154
1731317,0,133,81,35,135,20.98624342,0.215673364,21,0,0.004739398975560651
1262074,8,74,83,35,193,22.05981339,0.20977229,21,0,0.018906157025683826
1638487,2,110,94,49,89,43.80573762,0.153933166,46,1,0.9901485266086829
1611718,8,106,62,8,58,30.43330517,0.567244031,23,1,0.873254009444404
1135837,0,92,56,23,176,18.97865096,0.104937466,30,0,0.011960501476562411
1113779,4,113,100,56,166,27.29389579,0.733223456,56,1,0.9901744594182055
1733523,5,96,49,48,536,32.66206481,0.172159357,21,1,0.9725189114227872
1246237,10,91,86,54,421,39.78946384,0.139676622,22,1,0.6408712208321957
1156462,0,127,77,18,67,20.32784997,0.109292955,48,0,0.022721349402188628
1382580,9,94,88,9,21,36.13074526,0.089235233,25,0,0.006248179076083857
1254476,1,88,89,7,37,18.93205956,0.300962952,21,0,0.0056441206900519555
1526690,6,151,50,22,38,21.24151222,0.135520025,23,0,0.01628353913789178
1442399,0,112,58,37,55,34.24524583,0.173771353,21,0,0.03213335571282042
1661768,1,108,113,15,23,32.97110039,0.210146867,21,0,0.1224264568547179
1455970,5,111,48,13,78,28.03059029,1.67079274,22,1,0.9908416179617299
1632810,7,93,83,39,152,21.7998624,0.158943886,21,0,0.03441223561334107
1708980,7,97,52,31,179,20.90712214,0.167059915,26,0,0.01989191599159841
1319432,7,58,62,20,72,28.56367655,0.850484943,44,1,0.9744757732169688
1524028,8,97,81,45,142,45.11111935,0.493123672,38,1,0.9355669661905769
1427486,3,138,79,11,224,38.02264281,0.611637681,25,0,0.18153200486317636
1695647,1,99,86,21,30,21.32834034,0.07927402,24,0,0.016257090850269787
1059624,9,123,71,42,783,43.4928051,0.520936058,61,1,0.9372701013245953
1467777,0,151,73,19,25,18.72925997,0.424809327,23,0,0.009128709177181307
1243178,1,129,46,9,235,32.02034764,1.090527128,47,0,0.35786262196762725
1124902,6,99,55,32,192,29.83842378,0.091746356,57,1,0.9130925681912853
1359971,0,92,84,8,324,21.86626037,0.258332333,33,0,0.010609088176343182
1580867,2,135,54,32,14,49.31744775,0.10693192,24,0,0.03243820155695462
1023409,1,55,78,34,138,35.26941275,0.230504434,70,0,0.03219168564318924
1758548,8,135,69,44,194,21.6767523,0.155241548,21,0,0.24349402001498638
1296162,4,99,56,28,24,32.98926432,0.18604437,31,1,0.5379955949164887
1793978,0,151,39,10,195,21.1510085,0.281988342,22,0,0.006290660914151926
1913944,1,140,83,20,61,38.50660747,0.289638047,23,0,0.0382687172362895
1981813,4,73,61,45,67,29.21734742,0.726222109,43,1,0.9789505517861947
1480543,2,82,69,25,70,30.73619705,0.097080326,21,1,0.9351653553938638
1103681,7,114,56,44,230,30.33893984,0.162876033,25,0,0.27544049191765146
1185589,3,135,78,34,18,18.20322924,0.118089741,71,0,0.0636650326281502
1368782,4,138,65,37,65,30.67917554,0.163360601,21,1,0.9521419426275597
1338811,1,124,81,37,266,44.50504517,0.099642372,24,0,0.016159922716744463
1304289,3,107,82,43,206,45.07793317,0.844702113,23,1,0.8347194769835776
1000869,4,173,61,25,78,41.02938069,0.24689394,34,1,0.8513053808688706
1704360,5,96,61,21,87,35.22782297,0.199300684,21,1,0.979245645836121
1759953,2,84,50,34,125,19.71178182,0.15235238,22,0,0.031309225050860326
1246366,0,135,92,23,251,38.64298682,0.877857135,22,0,0.06818845932698778
1881770,0,116,83,11,161,26.10701026,0.471149718,45,0,0.17246547004946053
1185180,2,110,68,28,370,20.05287488,0.803330612,41,1,0.9557821172675797
1573828,7,89,79,32,88,39.18962224,0.180806812,22,0,0.2474317651721254
1739541,8,109,60,13,95,35.41650634,2.164985469,33,1,0.9797253813823191
1228199,3,142,60,45,183,37.30882226,0.891423752,21,1,0.8004975299126058
1950802,0,70,53,46,47,42.20780044,1.073470754,34,0,0.01546765009334854
1248603,0,80,94,42,73,19.3731727,0.142191967,26,0,0.004957756175120105
1918846,5,105,60,16,91,30.16505299,0.115485269,23,1,0.9576211755490527
1618227,1,92,78,40,80,40.61584741,0.087835278,23,0,0.030510742051011234
1758637,6,70,30,19,161,21.97986854,0.097109445,23,0,0.0065385010778984095
1314287,6,86,82,43,31,21.43746563,0.853295736,26,0,0.006675096042422942
1907618,1,74,81,39,23,21.87852471,0.503751417,22,0,0.011533543604566258
1984484,1,157,88,34,38,20.22836201,0.149031884,21,0,0.011629363130596568
1767421,2,142,83,24,95,48.34542101,0.584354966,39,1,0.9692994084416506
1236568,0,95,87,47,14,46.94153168,0.292153247,45,0,0.035432420306075116
1765277,1,164,52,32,342,45.85754218,0.101608053,24,0,0.014165115724265459
1932985,1,109,56,43,390,39.62778164,0.154769981,26,0,0.04797513728224088
1629628,0,89,63,41,193,33.50128753,0.598994585,22,0,0.03700427093403686
1716395,1,96,39,32,160,38.82487368,0.236935051,25,0,0.009675641634125848
1608502,7,133,94,41,94,31.06863179,0.125655383,22,1,0.8840044626380034
1365700,1,70,49,22,28,39.95640307,0.720219067,44,0,0.12510847867706373
1875659,0,158,60,36,35,20.60401179,0.266281906,23,0,0.007996707287172118
1571500,6,74,65,11,222,21.37778271,0.224044056,22,0,0.03312271351969429
1083302,8,105,88,25,16,27.04175398,0.122727607,58,1,0.9208197472048015
1019999,2,113,47,26,428,32.03819419,0.946972332,32,1,0.9363028213845663
1533116,2,73,64,35,289,21.1865547,0.26444138,25,0,0.02882702240494687
1781337,3,133,73,56,76,55.7064282,0.198188348,50,1,0.9820786343801232
1066119,2,151,57,14,385,29.39792321,0.096414952,23,1,0.8385126889037914
1909401,10,57,80,10,23,50.37499261,0.092079238,22,0,0.17392052446973616
1708072,0,156,97,45,400,20.50494486,0.179609213,22,0,0.04108585310211081
1776594,3,136,47,12,32,18.59916435,0.109938328,23,0,0.06322516298665803
1300566,3,70,61,41,184,29.37404861,0.658889351,23,1,0.7556796684908911
1093576,1,104,78,11,130,21.09261702,0.186731032,34,0,0.03575567685615988
1306585,4,94,69,40,163,20.01240976,0.291698694,21,0,0.1395252922793478
1060827,5,84,97,12,301,44.76152956,1.462916304,28,1,0.8886403542307284
1736792,9,94,99,23,68,34.86698401,0.153499588,46,1,0.9033839883232103
1590426,0,124,78,52,30,22.01401324,0.620006751,23,0,0.011301922917878524
1995562,0,149,63,45,14,36.41159146,0.249835242,26,0,0.005463985350899819
1085155,1,102,49,10,46,19.14900369,0.458345728,22,0,0.0244573104370394
1486486,0,114,54,21,84,21.52579767,0.183013466,22,0,0.015455210268848666
1307013,9,78,50,43,128,18.52234384,0.430298966,21,0,0.022248910321195265
1491860,10,119,86,54,70,31.29632339,1.479650994,21,1,0.956011597811316
1609598,8,104,68,11,59,23.12446299,0.767556476,21,1,0.9716546534249125
1705387,1,118,39,31,130,38.4689249,0.122688853,22,0,0.02763809216877026
1138819,4,114,82,57,91,29.79262452,0.079863237,45,1,0.9941788431624357
1058633,0,117,87,15,44,38.94464263,0.423898547,23,0,0.03318566272188128
1138569,11,120,96,21,181,20.60915147,0.154972798,26,0,0.032281459550149584
1994092,1,77,65,31,206,18.82934475,0.237429834,52,0,0.07204835359746474
1746921,0,78,86,30,29,36.40941067,0.876787119,25,0,0.010077616593969987
1778470,4,174,66,56,154,37.20541813,0.185222396,59,1,0.9798671200306062
1788396,2,117,86,28,33,31.98436958,0.087012646,45,1,0.8898386096929266
1018152,10,174,67,15,475,26.61271835,1.578166172,46,1,0.9965071473191421
1753002,0,161,89,54,47,20.08127696,1.305141824,21,0,0.022230852888525384
1529051,11,81,45,11,41,49.62788895,0.1006642,25,0,0.00629820675605133
1927483,1,83,76,33,25,33.92770038,0.101529853,25,0,0.008823838818900866
1608932,5,135,98,27,272,38.33966354,0.234344047,21,1,0.737188221607657
1411761,5,138,60,41,285,39.97112871,0.474892048,56,1,0.9507056632964295
1294326,9,73,87,8,43,21.56804833,0.716417143,24,0,0.0025158233253890373
1760181,0,167,53,8,129,21.99248798,0.220780848,21,0,0.00400644410915729
1790091,1,86,106,39,186,18.33222997,0.172840164,26,0,0.00515824314020081
1492750,1,113,86,30,130,21.91094661,0.163769801,43,0,0.20077027434974665
1511242,3,123,62,49,201,20.61558458,0.499120213,34,1,0.6787672043148627
1257420,1,93,85,10,47,38.1120922,0.831915708,22,0,0.014507883825497472
1420440,0,76,96,42,36,18.72322335,0.16242883,21,0,0.008806998946977092
1519465,0,88,51,42,31,20.75126521,0.116809811,35,0,0.007611889531478255
1921455,1,97,51,33,30,19.25122878,0.177037026,21,0,0.021961845115626762
1270850,5,108,65,23,67,38.06868007,0.734900101,41,1,0.9891421292216215
1119603,8,137,66,35,68,18.65349993,0.11147455,28,0,0.3189748372097075
1500212,0,73,67,8,168,44.45373376,0.175100985,35,0,0.017500052142642674
1249141,1,156,67,32,35,42.33230903,0.302306033,25,0,0.006107121592349193
1479136,0,157,79,11,81,46.45630473,1.019859463,22,0,0.05064478075150725
1538775,0,52,69,33,191,36.3812593,0.164531878,25,0,0.006975795596500081
1896448,1,71,63,34,44,18.78172254,0.547518172,26,0,0.004331774794023519
1300495,3,123,90,11,223,29.93073385,0.827760919,40,1,0.9501407421699766
1809384,1,73,93,41,70,21.88096997,0.499129225,21,0,0.030510783558785736
1251450,0,77,91,24,318,20.40218783,0.09920306,23,0,0.02846628657668299
1662123,7,109,62,17,52,40.13836109,0.29072782,21,1,0.5871529292580094
1532041,10,74,49,33,54,45.252784,0.12102621,23,0,0.04187762351134131
1572415,6,122,57,54,94,35.63741998,0.168908011,22,1,0.8373745135395168
1158916,1,89,44,54,192,28.1802986,0.11901527,22,0,0.1388699653833018
1400762,3,172,95,56,422,27.73650894,0.124166975,35,1,0.9682466478801135
1238220,1,94,72,8,191,26.11196575,2.215815235,21,0,0.16601160139779297
1638778,5,71,51,11,18,33.67893734,0.09455622,21,0,0.16682424172873503
1305270,0,86,89,43,24,19.5222572,0.194783185,25,0,0.003876074414362151
1885383,3,83,67,25,341,21.65201526,0.301033247,32,0,0.19277819072148392
1960869,0,142,42,23,200,18.72505662,0.152600382,35,0,0.019583531657128145
1571163,0,78,52,32,16,45.43020962,0.173796995,24,0,0.0030725403167087524
1515903,1,67,62,41,23,36.23489722,0.228289855,25,0,0.006334718898086801
1181793,5,109,97,37,14,42.82480374,1.316222664,56,1,0.8874794961079123
1227828,1,109,95,7,161,18.60622207,0.171508524,23,0,0.03189212768810686
1257582,1,98,88,23,49,19.11680628,0.773110114,23,0,0.05518491363265483
1254209,1,83,79,10,49,19.74048486,0.238504279,25,0,0.0018656814312333638
1196302,1,152,85,27,37,41.75175615,0.113954887,25,0,0.010549476711048575
1276731,6,100,62,44,15,30.77389732,0.484392152,21,1,0.749574648436003
1213088,1,118,85,39,38,37.95878825,0.673822902,23,0,0.034062069049319944
1138053,0,125,60,11,55,18.77056502,0.555503787,22,0,0.012144325751331236
1681798,0,79,45,36,155,20.0831984,0.139945724,21,0,0.006638441694194342
1505988,0,155,82,31,289,31.50792729,0.70603758,21,0,0.12548373135056903
1048707,1,113,73,44,71,43.96538432,0.883919222,40,1,0.7967889017933559
1278442,6,89,80,40,94,38.27839086,0.84624931,56,1,0.8353862135572969
1591558,1,99,45,10,25,20.88560995,2.130338505,22,0,0.06900631527596938
1425018,1,90,78,9,45,38.27516916,0.696533265,22,0,0.013638255995092007
1917169,2,49,60,8,233,31.96593463,0.737949733,30,1,0.699041857160411
1615415,0,80,98,23,35,19.7691968,0.99405435,22,0,0.021604166701246253
1692198,0,101,90,30,141,18.23041637,0.242485185,22,0,0.016860166266110675
1484746,9,55,90,46,30,20.80038014,0.126076,21,0,0.03997263466565069
1848869,5,114,101,43,70,36.49531966,0.079190164,38,1,0.9539773229191484
1607035,9,105,86,16,76,29.96827671,0.091200936,22,1,0.9231549468610569
1825507,4,116,59,55,160,31.95497196,0.660561944,60,1,0.9822578389727896
1857597,3,166,74,32,70,21.01548193,0.447026395,22,0,0.4665316471468557
1776739,8,97,55,41,32,40.93120172,0.610486308,34,0,0.17954435091848595
1160127,6,72,47,41,14,35.85023258,0.079299822,23,0,0.017354064402062712
1245734,7,138,78,7,86,39.05929118,0.177749697,31,0,0.2643009924173082
1455760,1,160,50,45,128,19.55353774,0.182823595,24,0,0.0036110738917346174
1718798,0,80,63,35,619,35.95020048,0.471352875,21,0,0.04584915165233473
1997490,1,130,87,31,174,21.13404201,0.270215025,44,0,0.05765574847749099
1703754,7,83,85,11,46,20.14852835,0.819735378,26,0,0.004811552956945451
1687118,0,138,75,15,182,38.281597,0.82558157,46,0,0.22750741613561778
1337642,1,153,106,17,261,20.8665511,0.569066515,24,0,0.006406736859331261
1683096,1,176,84,12,76,33.74693405,0.560807461,33,1,0.8529717034844614
1647913,0,85,81,31,21,21.364313,0.302663106,23,0,0.0036594753355356207
1263258,3,116,40,9,404,18.63401053,0.243512213,25,0,0.022729250532296023
1228662,9,114,62,22,31,41.81200485,0.285805209,24,0,0.05296600789607288
1392470,6,67,62,24,356,19.89980455,0.097853517,62,0,0.49067297219027806
1958653,0,145,67,30,21,18.81186063,0.789572255,26,0,0.00967300937810491
1567493,0,87,30,16,139,20.50987365,0.108438479,49,0,0.007040877378972239
1673977,0,121,57,9,40,20.38937388,0.127321959,31,0,0.006828417372414045
1614511,3,72,53,42,16,21.18854018,0.298428959,26,0,0.005575520778558359
1742314,0,131,48,53,142,36.70844297,0.24034321,22,0,0.013788714360706505
1276856,0,103,67,23,63,50.42970805,0.215737089,45,0,0.17922283397407712
1412947,8,97,46,52,600,34.96854488,0.14739292,53,1,0.9788659384120193
1900931,1,171,84,32,22,38.72894849,0.658389326,21,0,0.04200996339683842
1899019,9,111,61,12,400,30.70071593,0.121138098,38,1,0.9928750869355666
1890517,1,139,42,38,21,19.09291743,0.47552461,42,0,0.03629692276011785
1581474,1,137,93,39,134,19.30120987,0.114700825,23,0,0.013236249979443691
1501091,1,80,26,8,60,40.2832835,0.120715976,23,0,0.01649167369650466
1752564,1,139,89,9,183,36.72044588,0.161220203,61,0,0.19111181369714236
1992425,0,84,57,46,23,35.37304698,0.198405053,25,0,0.005013457721871902
1192557,0,128,78,12,34,45.38237996,0.542371527,26,0,0.015434056073603167
1807299,5,86,86,45,27,51.29674335,0.139162312,24,0,0.09816542822754641
1560848,7,108,78,27,177,21.0669055,0.108224738,24,0,0.07820368950235354
1875037,5,98,77,11,139,35.64619903,1.145016479,22,1,0.9288288568033386
1799688,0,158,68,9,41,19.91178714,0.098432355,21,0,0.009033044414378242
1541588,0,58,48,8,41,19.59142451,0.288039022,25,0,0.002107541784471901
1953039,0,89,84,19,16,18.94083243,0.125500878,22,0,0.005545248530374044
1437950,0,128,95,19,174,44.71393913,0.113839344,22,0,0.02129511953967141
1020801,6,150,74,21,80,38.65609937,0.087659987,23,1,0.538612758590862
1719149,7,142,69,23,143,40.03314752,0.135967059,21,1,0.6287810614005757
1605489,2,119,71,14,199,33.67751773,0.097716993,45,1,0.9838509479563999
1938248,1,146,83,7,309,20.73724262,0.169863463,21,0,0.038468772650090605
1691135,4,135,95,13,149,28.75536235,0.600224402,33,1,0.8948165108209385
1124714,1,94,90,20,28,37.94532411,0.536721244,23,0,0.012457653816021774
1399266,8,74,48,31,693,35.85243733,0.179231934,23,0,0.08177160958921138
1406802,0,108,40,16,16,22.05040743,0.707428615,21,0,0.007803870657044588
1772345,0,53,83,34,640,20.98516355,0.23346792,49,0,0.030056044887565466
1695375,6,156,56,10,17,19.87801924,0.952207664,26,0,0.004582223755344067
1863259,0,90,52,18,16,43.47729152,0.102237954,26,0,0.0025423588119692924
1973148,2,126,90,44,17,49.24468781,0.115452802,21,0,0.361952318000713
1043631,1,160,76,33,164,21.13815944,0.159870647,48,0,0.08932156660951561
1605991,0,45,63,8,41,18.8639559,1.027284124,25,0,0.05848743412126762
1805400,7,77,79,18,330,21.29920348,0.147474423,22,0,0.05770583530545751
1706175,4,121,79,12,175,25.15828694,1.587473344,22,1,0.9632742154419311
1701774,1,87,68,17,148,20.23233297,0.152939904,21,0,0.01664780564518231
1430459,6,131,81,46,47,36.56315845,0.432989046,24,0,0.0268533375081547
1714771,1,57,58,45,165,39.2613048,0.173117534,21,0,0.03240799030505768
1412804,3,100,52,13,177,25.28509652,0.129155317,46,1,0.9837507751722405
1540166,1,69,80,17,16,38.13811809,0.236514078,22,0,0.008653934267484308
1869711,7,68,81,44,194,20.68833865,0.120350752,26,0,0.007789293580268805
1530961,10,115,96,14,284,35.10284925,0.201887244,40,1,0.9794964671683088
1869832,1,75,48,16,240,36.82967411,0.232077932,25,0,0.0037159504440373576
1836231,7,72,84,10,255,21.71658937,0.533538434,23,0,0.010448586242160695
1508062,1,113,57,15,16,36.21243421,0.126306069,34,0,0.06254857873652953
1144219,7,137,78,31,132,20.52306758,0.767234851,26,0,0.014311967492355448
1903286,1,79,81,41,69,20.09059491,1.813720379,30,0,0.05103913640478079
1407237,14,107,73,36,81,44.12157313,0.175554052,43,1,0.9804353003444991
1777954,5,108,80,44,62,40.39830874,0.787074111,46,1,0.9757415940522549
1861592,0,98,79,18,199,43.84327784,0.079825733,34,0,0.02922296904566291
1375879,1,127,87,23,31,19.49052489,0.616798509,21,0,0.026772873387751
1659920,7,146,89,7,19,40.38740517,0.166176763,31,0,0.038958866577313324
1942445,6,134,56,7,17,40.52833944,0.112409834,61,0,0.20026911584327756
1543912,7,141,81,12,161,41.77298797,0.100943336,23,0,0.3170833479910639
1229445,0,150,84,38,160,28.80373955,0.712572739,23,0,0.050778511353525416
1698779,7,102,61,35,26,43.24665628,1.24584993,24,0,0.10426664791217266
1730453,3,99,53,49,83,50.85126345,0.634279684,42,1,0.9852187156247294
1229544,0,92,79,9,372,18.49400871,0.688887333,25,0,0.005088297737902644
1216937,1,83,89,50,40,29.35612486,0.10319931,23,0,0.07764809935142608
1699981,4,49,90,21,40,29.07775619,1.564815827,31,1,0.7689564976670529
1858846,9,85,91,33,20,40.1585153,0.267676266,25,0,0.005702335604106985
1094500,5,101,79,24,27,52.58036275,0.850819512,55,1,0.9846697041103083
1175985,10,96,67,45,73,37.33154438,0.169927191,29,1,0.8597273149714066
1830191,0,129,55,41,412,31.07307651,0.155528794,30,0,0.09788140858842535
1790145,7,110,49,18,31,36.30044395,0.271352308,26,0,0.014713331138470506
1871992,1,131,60,7,514,41.1781531,0.151971756,21,0,0.10947086439280114
1693273,0,111,51,21,161,20.80855498,0.123345337,21,0,0.013600946298156561
1666479,1,80,79,9,47,21.79192474,1.01370205,24,0,0.0036596901874276886
1912494,7,77,89,23,96,41.62109616,0.247561623,45,1,0.7345720890209185
1470396,0,118,93,40,26,19.9641706,0.187464553,22,0,0.011919737299488834
1696372,3,154,24,26,77,27.59735747,0.674424833,47,1,0.9679178093625213
1576283,1,81,50,10,131,21.34613118,0.850650396,24,0,0.002371631378665838
1730786,1,154,55,15,241,21.29336475,0.167753104,26,0,0.009621429091161518
1141133,0,67,58,18,25,37.21701951,0.097089037,22,0,0.006843838413348657
1266162,1,170,87,16,194,30.04938957,0.24588389,22,0,0.1167104184632978
1534261,0,156,86,11,196,24.46612492,0.10828635,22,0,0.05458183832003693
1258285,1,101,47,32,31,36.9792332,0.092921123,24,0,0.011458501456583014
1751600,3,104,61,42,250,34.17820249,0.124030431,53,1,0.9840985548741026
1450047,2,100,50,41,309,40.30325726,0.473345448,44,1,0.9487055132579163
1565885,0,159,64,41,136,21.43070904,0.084191027,47,0,0.02831413755467593
1486381,3,120,76,9,159,33.55003356,0.089156529,58,1,0.8917492448294823
1775270,9,105,76,53,87,36.34958521,0.639772576,54,1,0.988854371913272
1395463,1,57,79,23,41,21.51992623,0.287262851,21,0,0.016381339823901685
1632936,2,96,61,13,150,40.58050544,0.990715779,23,1,0.8850658340009284
1983706,0,96,44,54,77,18.81050675,0.132231826,21,0,0.013291272409904315
1406627,0,130,83,32,31,19.51554667,0.433094138,24,0,0.003372194245167308
1303193,8,152,79,10,163,31.20166265,0.165385857,25,0,0.13582687179111025
1279677,0,57,67,10,151,20.13093325,1.023518992,22,0,0.014035278411092126
1075566,10,87,67,44,216,21.41392157,0.854934906,42,1,0.5095449880053488
1181971,1,67,53,8,238,20.80321762,0.173391308,45,0,0.053593534920369626
1818999,2,70,53,20,23,21.92365178,0.100666389,25,0,0.006914624582813182
1371908,1,52,81,14,194,21.4300001,0.289509109,24,0,0.011066305115122126
1293924,0,83,81,31,159,46.74470381,0.175475557,21,0,0.013262116607974364
1397627,8,89,57,22,44,37.37848219,0.150039105,23,0,0.021299045058127138
1579754,4,113,85,44,486,32.7482275,0.104046913,37,1,0.9856573355469543
1563606,2,107,92,51,27,36.73719859,0.134685469,28,1,0.8515291342878274
1136733,8,128,90,27,22,46.0896901,0.71194358,45,1,0.757529908350975
1745376,9,101,63,42,95,27.01523345,0.657215079,41,1,0.9957381475378275
1779918,1,114,95,44,34,47.54311799,0.11424448,26,0,0.013812911818888675
1976984,11,171,79,14,26,22.28794076,0.310173199,22,1,0.857941514717585
1033671,7,140,49,33,34,30.8445378,0.160294115,22,0,0.14312306803237296
1192910,0,83,53,8,42,20.75488192,0.12799426,22,0,0.004249203172758909
1762351,1,170,61,15,59,26.43932201,0.176090616,21,1,0.5939870915316191
1085886,3,65,62,38,40,31.39483037,0.516708984,43,1,0.9540648014156963
1976650,1,76,65,36,129,45.92951214,0.103822311,21,0,0.04069244563322898
1512400,1,165,79,20,188,43.21811103,0.665186129,21,0,0.061394474057481635
1556215,5,99,91,12,88,19.03508506,0.329940266,21,1,0.9472177435976993
1090531,2,89,42,12,26,19.31404137,0.292098742,23,0,0.02367556654804775
1731860,0,168,95,36,23,20.04607749,0.10965364,22,0,0.011762918015253754
1544407,8,158,56,34,50,39.90209546,0.52706759,21,0,0.0921562263723256
1856942,0,110,89,21,48,20.88130808,0.151955983,23,0,0.015718452972502427
1060306,4,88,81,29,66,20.86399331,0.568636042,22,0,0.2616252152603313
1060285,14,102,86,53,214,38.02563003,0.497183014,22,1,0.9101767105823576
1924622,0,95,87,34,16,36.80370025,1.299149627,46,0,0.061268661543807286
1718660,1,72,49,8,29,21.80947767,0.270094124,31,0,0.004150538991651585
1071823,11,109,65,11,164,41.07053147,0.096137105,25,0,0.2871324075533834
1271383,3,89,49,8,28,18.56883743,0.156728932,23,0,0.008649623299163302
1028003,2,167,50,11,38,32.83772603,0.082201385,31,0,0.16319886654578433
1854770,9,86,50,42,146,18.31101361,0.126254804,21,0,0.025512132632937706
1175726,9,95,62,8,662,43.41825973,0.548849783,24,0,0.05860684398249746
1951170,0,150,90,17,44,46.01536971,0.153648786,21,0,0.01744978729855141
1760365,8,45,71,48,205,40.84723451,0.101608647,50,1,0.9211161981075552
1365901,1,115,88,34,154,18.61262787,0.270274596,21,0,0.018322356632365804
1544597,0,69,69,42,34,47.22965088,0.212516952,22,0,0.013848903398635587
1200848,6,84,74,12,86,19.00897724,0.100663901,47,1,0.6027254265281271
1023482,0,83,57,19,145,20.50799453,0.141696514,22,0,0.004401297948614419
1785937,1,114,84,33,244,35.8842377,0.198256726,23,0,0.03720727841123651
1714802,1,138,47,42,25,19.70825361,0.975523538,22,0,0.022391556310137485
1679375,4,175,78,14,71,35.54610126,0.081175575,56,1,0.9929455515963227
1977809,1,69,86,19,25,46.31467262,0.589961173,32,0,0.013183736284916679
1988695,0,83,79,43,78,48.29015194,0.754219067,23,0,0.02526256553654239
1111372,0,147,92,7,460,19.4921453,0.157855283,21,0,0.02494299552894508
1777587,2,142,81,21,96,20.50856894,1.57866058,45,1,0.9322116451590244
1986241,10,86,54,42,251,37.73016135,0.1461041,22,0,0.15009254221947846
1443560,7,67,86,37,17,38.12938826,0.291759937,23,0,0.01731923608981561
1644859,0,153,62,11,257,31.29830428,0.161644869,23,0,0.05134625143589551
1026705,1,143,48,27,41,20.19943986,0.269442038,23,0,0.010334573226391428
1851715,0,73,61,34,176,20.33275966,0.105902993,22,0,0.007030534755519737
1466628,2,98,83,36,87,25.60988128,1.200774514,43,1,0.9949577050702053
1087951,0,94,42,41,31,19.51073227,0.218908949,23,0,0.004670909450653561
1815597,1,131,42,10,46,19.21130024,0.490625954,21,0,0.009808072710113476
1434861,8,93,78,33,24,19.10004387,0.701368393,23,0,0.010079864130723135
1125213,1,71,84,11,147,34.94474304,0.255001405,23,0,0.020414892581218088
1871226,0,114,85,20,144,20.47178734,0.119566793,21,0,0.012422022745922781
1240152,5,66,89,39,244,22.42683895,0.866471047,21,1,0.962018042192282
1633449,1,136,87,32,21,20.83621437,0.998207222,30,0,0.018799838653633452
1287375,1,133,65,10,212,20.19115204,0.770742639,21,0,0.03773298169914129
1210073,0,125,42,8,131,20.95764517,0.864507165,21,0,0.00745528215860624
1001513,5,122,99,13,19,30.41980746,0.158778226,56,1,0.9314216218862645
1456454,0,120,57,42,173,20.02246006,0.624839454,21,0,0.011334515705689401
1913008,9,102,50,20,235,18.87999729,0.095386316,22,0,0.22602937616532304
1006028,0,88,54,8,36,21.38779483,1.014528659,24,0,0.0026371199980351847
1134381,4,155,62,46,41,54.585976,0.104934873,55,1,0.9415899286629213
1182613,2,109,67,14,342,40.63004248,0.697038225,38,1,0.9917976970561172
1469842,0,79,65,9,49,30.43557705,1.129326421,35,0,0.02473066652949547
1423604,3,103,59,46,191,29.66664717,0.12156623,40,1,0.9849238911720586
1961856,7,104,100,14,93,35.6009187,0.178852392,63,1,0.990084074307138
1883987,5,118,67,12,82,29.24639226,0.089018771,22,1,0.9828585777932709
1347747,4,76,62,11,79,42.81510674,1.57487475,46,1,0.8891531928789926
1891860,0,77,55,17,25,21.94244957,0.091357161,25,0,0.0016678410070848184
1010806,0,53,79,8,205,22.03944308,0.236956227,67,0,0.007845338352403228
1402571,1,156,59,9,81,19.1943147,0.293013353,23,0,0.019298371784967763
1878019,6,141,81,14,646,29.53722711,0.126774223,41,1,0.9740115448827696
1962276,7,70,50,11,17,20.70095998,0.589130945,69,0,0.006819389764124733
1292275,3,67,67,42,66,25.49546739,0.918491176,47,1,0.9819484448637954
1383677,4,110,58,13,201,54.2605031,0.093704788,46,1,0.9811437762921033
1068809,7,165,69,42,253,36.43471858,0.094557968,23,0,0.3836745192236479
1993246,6,68,95,23,34,21.04714504,0.430170955,23,0,0.012840955399581022
1903651,3,131,57,42,140,20.25916831,0.264142884,25,0,0.023421275146326533
1754756,13,179,78,14,55,31.97168421,0.193611586,33,1,0.9593766649439636
1723871,1,119,115,42,67,21.4723156,0.137379187,25,0,0.015270384417874327
1253550,2,176,87,13,80,29.79867321,1.007428696,46,1,0.9969501400007112
1574841,9,179,90,44,174,20.33070187,0.268007281,60,1,0.6450832719191906
1262653,2,63,52,54,154,29.82354327,1.454078135,22,1,0.9735059814239396
1475468,5,102,59,11,19,43.86744335,0.082680171,22,1,0.5196549870739293
1420202,6,92,52,33,41,20.81847615,0.082484753,24,0,0.001391361190199529
1776790,8,91,62,47,20,35.33875161,0.08041458,22,0,0.42286400465802026
1494656,3,169,93,55,212,27.22632948,0.198010743,22,1,0.954294245074763
1464497,0,116,56,45,30,38.25836112,0.168062748,26,0,0.0053047941658506
1249283,1,80,70,18,395,19.20547343,0.663158208,35,0,0.04262016474332412
1704154,0,70,60,9,32,41.62637215,0.124723562,24,0,0.0031625792382013068
1219377,1,170,60,34,46,44.19196014,0.163147833,26,0,0.011833304116947206
1336348,8,136,55,44,74,34.26015371,1.50008306,21,1,0.7984324725591533
1355333,1,114,101,8,175,19.57054529,0.704302463,21,0,0.027941022384230078
1295177,0,74,48,7,133,19.96532018,0.18290886,21,0,0.0036051942485161906
1540307,10,82,94,30,36,24.46210379,0.163615791,23,0,0.1435073984817128
1937343,0,49,80,15,41,18.38668934,1.971548298,21,0,0.08615015118662035
1326135,6,118,56,34,31,20.92842028,0.188025006,22,0,0.027564499777172752
1976178,6,86,78,8,39,39.42375316,0.168925053,21,0,0.030037232041157977
1248970,4,107,82,11,236,31.98898223,0.697963358,44,1,0.9712305930542984
1265962,0,134,47,11,57,21.837016,0.105017375,35,0,0.012666603033557645
1918491,1,101,79,33,18,42.99472764,0.0886087,22,0,0.04820878303513615
1920948,0,106,76,13,282,18.51566693,0.869053722,42,0,0.21708483372050255
1387203,2,131,78,14,254,35.76750541,0.227929986,22,1,0.8733551202690994
1008689,6,103,90,25,86,36.67103415,0.138284474,47,1,0.9654437795564991
1007407,2,116,84,45,164,44.60559481,0.720400347,47,1,0.9386784224345678
1173312,7,145,81,9,35,18.6644154,0.091538348,21,0,0.023249040782313664
1652843,0,106,84,10,168,22.06415292,0.426915756,26,0,0.004360891899154247
1753078,0,150,87,10,162,21.61767635,0.169257753,24,0,0.0032428594451097224
1744168,6,106,107,17,45,50.12108047,0.963035617,23,0,0.3394619786317515
1226458,3,98,73,43,320,52.54034953,0.214106574,35,1,0.9505690353918097
1785272,4,87,86,24,322,27.51760233,0.25040289,60,1,0.9510411939225943
1960428,0,74,92,11,49,20.0128748,0.754373036,24,0,0.0037322454061323334
1459495,6,117,88,40,23,39.47174337,0.996556883,22,0,0.3160939621402448
1490914,4,97,91,56,94,34.87634297,0.864674885,22,1,0.9882473512519812
1302471,6,50,89,26,159,34.34327106,0.321799433,22,1,0.8189812143968547
1896670,0,77,84,34,44,35.53982028,0.24187819,22,0,0.008693814365049797
1959017,1,84,56,31,31,20.12540448,0.260916963,33,0,0.004003495214167584
1240893,0,93,75,35,442,32.9125117,0.124366972,23,0,0.04356915928711557
1083803,1,126,68,46,25,19.65995299,0.136989899,34,0,0.024679098589622334
1485251,1,156,53,15,226,29.78619164,0.203823525,41,1,0.6641185615961807
1254255,0,126,85,10,44,19.72466872,1.036526016,23,0,0.01138301009573135
1044131,9,102,62,34,319,39.40420066,1.258187872,22,1,0.9184829801880342
1195321,0,144,65,35,201,18.90465314,0.658940086,21,0,0.01699827563827871
1132631,1,95,49,11,170,18.87858728,1.275276059,24,0,0.010103632663241387
1260227,4,147,79,9,40,19.62271235,0.422476189,22,0,0.05506753684490333
1472888,1,113,68,22,248,33.9045533,0.70943665,24,0,0.15834764607057178
1863282,2,47,63,16,91,41.67971241,0.493327226,21,1,0.9105162300352951
1952622,2,136,80,12,79,35.60295296,1.055856616,29,1,0.9582605317598542
1340500,1,133,97,41,150,35.94146849,1.065269452,22,0,0.07140089791237375
1339861,9,102,59,9,63,35.37775854,1.029938743,35,1,0.7582609303553024
1257711,5,112,97,43,272,26.3777198,0.149562255,33,1,0.9338257502303462
1784275,1,80,85,32,26,41.35916332,0.843061228,32,0,0.013274344403014305
1695504,8,118,86,9,193,22.07612678,1.913355622,36,0,0.40211008023683303
1176194,0,80,91,37,31,36.23999422,0.087198289,50,0,0.03125268914270393
1001511,4,97,63,11,82,38.16945155,0.672863715,55,1,0.9740659046756611
1125617,0,137,46,23,47,36.90930239,0.103014204,25,0,0.007385604159001749
1554820,0,151,49,22,141,37.00839853,0.277149018,21,0,0.021792984346499383
1105853,1,123,54,43,162,43.45848706,0.269369507,22,0,0.027467594793575842
1879944,7,52,61,14,260,30.45595978,0.889506236,33,1,0.8828179698832364
